ID,run,proportion_NA
Uts_11A_43,20190619N,0.11931818181818182
Uts_12A_018,20190416,0.06818181818181818
Uts_12A_029,20190416,0.09659090909090909
Uts_12A_032,20190416,0.056818181818181816
Uts_13A_001,20190416,0.05113636363636364
Uts_13A_009,20190416,0.08522727272727272
Uts_13A_012,20190416,0.09659090909090909
Uts_13A_013,20190416,0.07386363636363637
Uts_13A_017,20190416,0.10227272727272728
Uts_13A_021,20190416,0.09659090909090909
Uts_13A_025,20190416,0.05113636363636364
Uts_13A_041,20190416,0.07386363636363637
Uts_14A_012,20191203N,0.14772727272727273
Uts_14A_017,20191203N,0.13636363636363635
Uts_14A_020,20190416,0.05113636363636364
Uts_14A_029,20191203N,0.17045454545454544
Uts_14A_042,20191203N,0.09659090909090909
Uts_14A_043,20191203N,0.09659090909090909
Uts_14A_049,20191203N,0.125
Uts_14A_059,20191203N,0.06818181818181818
Uts_14A_069,20191203N,0.1534090909090909
Uts_14A_076,20191203N,0.09090909090909091
Uts_14A_082,20191203N,0.056818181818181816
Uts_14A_098,20190416,0.125
Uts_14A_108,20190416,0.05113636363636364
Uts_15A_009,20190619N,0.05113636363636364
Uts_16A_011,20190416,0.10795454545454546
Uts_16A_018,20190416,0.0625
Uts_16A_033,20190416,0.08522727272727272
Uts_16A_063,20200117N,0.125
Uts_16A_065,20190416,0.10795454545454546
Uts_16A_080,20190416,0.06818181818181818
Uts_16A_093,20190416,0.10795454545454546
Uts_16A_110,20190416,0.056818181818181816
Uts_16A_113,20190416,0.13636363636363635
Uts_16A_114,20190416,0.0625
Uts_16A_116,20190913N,0.056818181818181816
Uts_17A_002,20200117N,0.10227272727272728
Uts_17A_004,20200117N,0.05113636363636364
Uts_17A_007,20200117N,0.1534090909090909
Uts_17A_008,20200117N,0.10227272727272728
Uts_17A_038,20200117N,0.0625
Uts_17A_055,20200406N,0.11931818181818182
Uts_17A_087,20200219N,0.0625
Uts_17A_090,20200219N,0.14772727272727273
Uts_18A_055,20191203N,0.0625
Uts_12_0y_001,20200406N,0.25
Uts_12_0y_002,20200406N,1.0
Uts_12_0y_005,20200406N,0.0625
Uts_12_0y_008,20200406N,0.9545454545454546
Uts_12_0y_009,20200406N,0.38636363636363635
Uts_12_0y_014,20200406N,0.4034090909090909
Uts_12_0y_015,20200406N,0.2784090909090909
Uts_12_0y_016,20200406N,0.8465909090909091
Uts_12_0y_033,20200406N,0.07386363636363637
Uts_12_0y_045,20200406N,0.32386363636363635
Uts_12_0y_054,20200406N,0.05113636363636364
Uts_12_0y_055,20200406N,0.19886363636363635
Uts_12_0y_066,20200406N,0.1875
Uts_12_0y_069,20200406N,0.125
Uts_12_0y_082,20200406N,0.20454545454545456
Uts_12_0y_088,20200406N,0.17613636363636365
Uts_12_0y_095,20200219N,0.09659090909090909
Uts_12_0y_125,20200406N,0.2215909090909091
Uts_12_0y_130,20200406N,0.05113636363636364
Uts_12_0y_145,20200406N,0.05113636363636364
Uts_12_0y_146,20200406N,0.0625
Uts_12_0y_148,20200406N,0.19318181818181818
Uts_12_0y_161,20200406N,1.0
Uts_12_0y_170,20200406N,0.0625
Uts_12_0y_193,20200406N,0.14772727272727273
Uts_12_0y_200,20200406N,0.2897727272727273
Uts_12_0y_223,20200406N,0.21022727272727273
Uts_12_0y_248,20200406N,0.10227272727272728
Uts_12_0y_281,20200406N,0.21022727272727273
Uts_12_0y_286,20200406N,1.0
Uts_12_0y_295,20200406N,1.0
Uts_12_0y_318,20200406N,0.056818181818181816
Uts_12_0y_360,20200406N,0.6306818181818182
Uts_12_0y_525,20200406N,0.8579545454545454
Uts_12_0y_543,20200406N,0.13068181818181818
Uts_12_0y_586,20200406N,0.9829545454545454
Uts_12_0y_589,20200406N,0.9659090909090909
Uts_12_0y_603,20200406N,0.056818181818181816
Uts_12_0y_606,20200406N,0.08522727272727272
Uts_12_0y_630,20200406N,0.8409090909090909
Uts_12_0y_646,20200406N,1.0
Uts_12_0y_663,20200406N,0.10227272727272728
Uts_12_0y_679,20200406N,1.0
Uts_12_0y_680,20200406N,1.0
Uts_12_0y_704,20200406N,0.05113636363636364
Uts_12_0y_726,20200406N,0.9886363636363636
Uts_12_0y_733,20200406N,1.0
Uts_12_0y_783,20200406N,0.056818181818181816
Uts_12_0y_794,20200406N,0.42613636363636365
Uts_12_0y_795,20200406N,0.22727272727272727
Uts_12_0y_796,20200406N,0.09659090909090909
Uts_12_0y_822,20200406N,1.0
Uts_12_0y_826,20200406N,0.09659090909090909
Uts_13_0y_0027,20190208R,0.19886363636363635
Uts_13_0y_0036,20190208R,0.10227272727272728
Uts_13_0y_0061,20190208R,0.08522727272727272
Uts_13_0y_0065,20190208R,0.056818181818181816
Uts_13_0y_0091,20190208R,0.056818181818181816
Uts_13_0y_0098,20190208R,0.056818181818181816
Uts_13_0y_0099,20190208R,0.05113636363636364
Uts_13_0y_0100,20190208R,0.17045454545454544
Uts_13_0y_0101,20190208R,0.3068181818181818
Uts_13_0y_0102,20190208R,0.9943181818181818
Uts_13_0y_0103,20190208R,0.11363636363636363
Uts_13_0y_0107,20190208R,0.08522727272727272
Uts_13_0y_0108,20190208R,0.125
Uts_13_0y_0109,20190208R,0.19318181818181818
Uts_13_0y_0110,20190208R,0.07954545454545454
Uts_13_0y_0111,20190208R,0.18181818181818182
Uts_13_0y_0114,20190208R,0.14772727272727273
Uts_13_0y_0115,20190208R,0.9943181818181818
Uts_13_0y_0119,20190208R,0.3409090909090909
Uts_13_0y_0121,20190208R,0.11363636363636363
Uts_13_0y_0123,20190208R,1.0
Uts_13_0y_0125,20190208R,0.3522727272727273
Uts_13_0y_0126,20190208R,0.07386363636363637
Uts_13_0y_0131,20190208R,0.9943181818181818
Uts_13_0y_0132,20190208R,0.9943181818181818
Uts_13_0y_0134,20190208R,0.10795454545454546
Uts_13_0y_0139,20190208R,1.0
Uts_13_0y_0141,20190208R,0.9943181818181818
Uts_13_0y_0143,20190208R,0.9943181818181818
Uts_13_0y_0144,20190208R,0.7670454545454546
Uts_13_0y_0146,20190208R,0.1534090909090909
Uts_13_0y_0147,20190208R,0.16477272727272727
Uts_13_0y_0148,20190208R,0.09659090909090909
Uts_13_0y_0149,20190208R,0.05113636363636364
Uts_13_0y_0150,20190208R,0.05113636363636364
Uts_13_0y_0151,20190208R,0.07386363636363637
Uts_13_0y_0152,20190208R,1.0
Uts_13_0y_0153,20190208R,0.09659090909090909
Uts_13_0y_0155,20190208R,0.10795454545454546
Uts_13_0y_0156,20190208R,0.9943181818181818
Uts_13_0y_0157,20190208R,0.9943181818181818
Uts_13_0y_0158,20190208R,0.19318181818181818
Uts_13_0y_0160,20190208R,0.9943181818181818
Uts_13_0y_0162,20190208R,0.14204545454545456
Uts_13_0y_0163,20190208R,0.23295454545454544
Uts_13_0y_0164,20190208R,0.11931818181818182
Uts_13_0y_0165,20190208R,0.1875
Uts_13_0y_0167,20190208R,1.0
Uts_13_0y_0168,20190208R,0.11931818181818182
Uts_13_0y_0171,20190208R,0.056818181818181816
Uts_13_0y_0172,20190208R,0.06818181818181818
Uts_13_0y_0178,20190208R,0.23863636363636365
Uts_13_0y_0179,20190208R,0.2840909090909091
Uts_13_0y_0180,20190208R,0.6647727272727273
Uts_13_0y_0182,20190208R,0.1590909090909091
Uts_13_0y_0184,20190208R,0.056818181818181816
Uts_13_0y_0186,20190208R,0.056818181818181816
Uts_13_0y_0187,20190208R,0.35795454545454547
Uts_13_0y_0188,20190208R,0.07954545454545454
Uts_13_0y_0190,20190208R,0.06818181818181818
Uts_13_0y_0191,20190208R,0.18181818181818182
Uts_13_0y_0199,20190619N,0.14772727272727273
Uts_13_0y_0299,20190619N,1.0
Uts_13_0y_0307,20190619N,1.0
Uts_13_0y_0312,20190619N,0.11931818181818182
Uts_13_0y_0315,20190619N,0.9943181818181818
Uts_13_0y_0316,20190619N,0.9602272727272727
Uts_13_0y_0317,20190619N,0.5454545454545454
Uts_13_0y_0318,20190619N,0.9545454545454546
Uts_13_0y_0325,20190619N,0.2215909090909091
Uts_13_0y_0332,20190619N,0.07386363636363637
Uts_13_0y_0339,20190619N,0.9602272727272727
Uts_13_0y_0355,20190619N,0.05113636363636364
Uts_13_0y_0457,20191203N,0.05113636363636364
Uts_13_0y_0480,20191203N,0.9943181818181818
Uts_13_0y_0482,20191203N,0.2784090909090909
Uts_13_0y_0524,20191203N,0.24431818181818182
Uts_13_0y_0553,20191203N,0.2840909090909091
Uts_13_0y_0616,20191203N,0.13636363636363635
Uts_13_0y_0638,20191203N,0.10795454545454546
Uts_13_0y_0646,20191203N,1.0
Uts_13_0y_0699,20191203N,0.056818181818181816
Uts_13_0y_0705,20191203N,0.09090909090909091
Uts_13_0y_0801,20191203N,0.056818181818181816
Uts_13_0y_0932,20191203N,0.14204545454545456
Uts_13_1y_0007,20191203N,1.0
Uts_13_1y_0079,20191203N,0.1534090909090909
Uts_13_1y_0104,20191203N,0.05113636363636364
Uts_13_1y_0144,20191203N,0.05113636363636364
Uts_13_1y_0173,20191203N,0.09659090909090909
Uts_13_1y_0201,20191203N,0.0625
Uts_13_1y_0204,20191203N,0.06818181818181818
Uts_13_1y_0214,20191203N,0.07386363636363637
Uts_13_1y_0226,20191203N,0.05113636363636364
Uts_13_1y_0237,20191203N,0.07386363636363637
Uts_13_1y_0245,20191203N,0.056818181818181816
Uts_13_1y_0269,20191203N,0.0625
Uts_13_1y_0275,20191203N,0.06818181818181818
Uts_13_1y_0296,20191203N,0.09659090909090909
Uts_13_1y_0313,20191203N,0.056818181818181816
Uts_13_1y_0395,20191203N,0.09659090909090909
Uts_13_1y_0418,20191203N,0.08522727272727272
Uts_13_1y_0445,20191203N,0.06818181818181818
Uts_13_1y_0446,20191203N,0.6590909090909091
Uts_13_1y_0447,20191203N,0.24431818181818182
Uts_13_1y_0448,20191203N,0.11931818181818182
Uts_13_1y_0474,20191203N,0.06818181818181818
Uts_13_1y_0484,20191203N,0.056818181818181816
Uts_13_1y_0485,20191203N,0.06818181818181818
Uts_13_1y_0491,20191203N,0.3068181818181818
Uts_13_1y_0495,20191203N,0.11363636363636363
Uts_13_1y_0499,20191203N,0.09090909090909091
Uts_13_1y_0507,20191203N,0.1590909090909091
Uts_13_1y_0509,20191203N,0.26704545454545453
Uts_13_1y_0511,20191203N,0.4034090909090909
Uts_13_1y_0515,20191203N,0.26704545454545453
Uts_13_1y_0516,20191203N,0.0625
Uts_13_1y_0523,20191203N,0.05113636363636364
Uts_13_1y_0531,20191203N,0.2556818181818182
Uts_13_1y_0534,20191203N,0.09090909090909091
Uts_13_1y_0535,20191203N,0.056818181818181816
Uts_13_1y_0543,20191203N,0.23863636363636365
Uts_13_1y_0547,20191203N,0.05113636363636364
Uts_13_1y_0548,20191203N,0.056818181818181816
Uts_13_1y_0549,20191203N,0.056818181818181816
Uts_13_1y_0550,20191203N,0.056818181818181816
Uts_13_1y_0557,20191203N,0.32954545454545453
Uts_13_1y_0562,20191203N,0.0625
Uts_13_1y_0563,20191203N,0.07386363636363637
Uts_13_1y_0564,20191203N,0.0625
Uts_13_1y_0565,20191203N,0.10795454545454546
Uts_13_1y_0572,20191203N,0.056818181818181816
Uts_13_1y_0574,20191203N,0.11363636363636363
Uts_13_1y_0778,20200117N,0.16477272727272727
Uts_13_1y_0796,20200117N,0.9545454545454546
Uts_13_1y_0864,20200117N,1.0
Uts_13_1y_0896,20200117N,0.1534090909090909
Uts_14_0y_0001,20190416,0.05113636363636364
Uts_14_0y_0002,20190416,0.056818181818181816
Uts_14_0y_0004,20190416,0.13636363636363635
Uts_14_0y_0007,20190416,0.07386363636363637
Uts_14_0y_0039,20200117N,0.10795454545454546
Uts_14_0y_0081,20200117N,0.056818181818181816
Uts_14_0y_0119,20200117N,0.9943181818181818
Uts_14_0y_0123,20200117N,1.0
Uts_14_0y_0124,20200117N,0.9943181818181818
Uts_14_0y_0125,20200117N,1.0
Uts_14_0y_0126,20200117N,1.0
Uts_14_0y_0155,20200117N,0.06818181818181818
Uts_14_0y_0206,20200117N,0.056818181818181816
Uts_14_0y_0215,20200117N,0.056818181818181816
Uts_14_0y_0220,20200117N,0.125
Uts_14_0y_0222,20200117N,0.07954545454545454
Uts_14_0y_0223,20200117N,0.09090909090909091
Uts_14_0y_0230,20200117N,0.056818181818181816
Uts_14_0y_0231,20200117N,0.09090909090909091
Uts_14_0y_0238,20200117N,0.32386363636363635
Uts_14_0y_0244,20200117N,0.14204545454545456
Uts_14_0y_0247,20200117N,0.14772727272727273
Uts_14_0y_0249,20200117N,0.08522727272727272
Uts_14_0y_0254,20200117N,0.2784090909090909
Uts_14_0y_0256,20200117N,0.10227272727272728
Uts_14_0y_0261,20200117N,0.11363636363636363
Uts_14_0y_0272,20200117N,0.09659090909090909
Uts_14_0y_0276,20200117N,0.056818181818181816
Uts_14_0y_0278,20200117N,0.17045454545454544
Uts_14_0y_0279,20200117N,0.05113636363636364
Uts_14_0y_0281,20200117N,0.05113636363636364
Uts_14_0y_0286,20200117N,0.10795454545454546
Uts_14_0y_0308,20200117N,0.06818181818181818
Uts_14_0y_0316,20200117N,0.08522727272727272
Uts_14_0y_0324,20200117N,0.056818181818181816
Uts_14_0y_0326,20200117N,0.05113636363636364
Uts_14_0y_0327,20200117N,0.05113636363636364
Uts_14_0y_0328,20200117N,0.07954545454545454
Uts_14_0y_0329,20200117N,1.0
Uts_14_0y_0356,20200117N,0.125
Uts_14_0y_0357,20200117N,0.05113636363636364
Uts_14_0y_0376,20200117N,0.05113636363636364
Uts_14_0y_0396,20200117N,0.07386363636363637
Uts_14_0y_0449,20200117N,0.10227272727272728
Uts_14_0y_0490,20200117N,1.0
Uts_14_0y_0508,20200117N,0.14204545454545456
Uts_14_0y_0635,20200117N,1.0
Uts_14_0y_0639,20200117N,0.05113636363636364
Uts_14_0y_0645,20200117N,0.19886363636363635
Uts_14_0y_0757,20200117N,1.0
Uts_14_0y_0769,20200117N,0.10227272727272728
Uts_14_0y_0782,20200117N,0.10227272727272728
Uts_14_0y_0837,20200117N,0.056818181818181816
Uts_14_0y_0844,20200117N,0.05113636363636364
Uts_14_0y_0847,20200117N,0.1590909090909091
Uts_14_0y_0857,20200117N,1.0
Uts_14_0y_0858,20200117N,0.8409090909090909
Uts_14_0y_0971,20200117N,0.18181818181818182
Uts_14_0y_0978,20200117N,0.06818181818181818
Uts_14_0y_1066,20200117N,0.13636363636363635
Uts_14_0y_1585,20200117N,1.0
Uts_14_1y_0095,20200117N,0.0625
Uts_14_1y_0193,20200117N,0.0625
Uts_14_1y_0382,20200117N,1.0
Uts_14_1y_0395,20200117N,0.2840909090909091
Uts_14_2y_0092,20200117N,0.1590909090909091
Uts_14_2y_0145,20200117N,0.05113636363636364
Uts_15_0y_0011,20200219N,0.06818181818181818
Uts_15_0y_0013,20200219N,0.1590909090909091
Uts_15_0y_0019,20200219N,0.5397727272727273
Uts_15_0y_0021,20200219N,0.19886363636363635
Uts_15_0y_0022,20200219N,0.06818181818181818
Uts_15_0y_0027,20200219N,0.09090909090909091
Uts_15_0y_0029,20200219N,0.3465909090909091
Uts_15_0y_0030,20200219N,0.1875
Uts_15_0y_0031,20200219N,0.11931818181818182
Uts_15_0y_0037,20200219N,0.11363636363636363
Uts_15_0y_0054,20200219N,0.13068181818181818
Uts_15_0y_0061,20200219N,0.06818181818181818
Uts_15_0y_0091,20200219N,0.1875
Uts_15_0y_0251,20200219N,0.07386363636363637
Uts_15_0y_0253,20200219N,0.05113636363636364
Uts_15_0y_0258,20200219N,0.0625
Uts_15_0y_0275,20200219N,0.1590909090909091
Uts_15_0y_0293,20200219N,0.4602272727272727
Uts_15_0y_0322,20200219N,0.05113636363636364
Uts_15_0y_0362,20200219N,0.056818181818181816
Uts_15_0y_0425,20200219N,0.14204545454545456
Uts_15_0y_0427,20200219N,0.19886363636363635
Uts_15_0y_0430,20200219N,0.05113636363636364
Uts_15_0y_0433,20200219N,0.07386363636363637
Uts_15_0y_0436,20200219N,0.05113636363636364
Uts_15_0y_0444,20200219N,0.05113636363636364
Uts_15_0y_0487,20200219N,0.0625
Uts_15_0y_0491,20200219N,0.09090909090909091
Uts_15_0y_0492,20200219N,0.05113636363636364
Uts_15_0y_0493,20200219N,0.125
Uts_15_0y_0494,20200219N,0.3693181818181818
Uts_15_0y_0495,20200219N,0.3352272727272727
Uts_15_0y_0501,20200219N,0.125
Uts_15_0y_0502,20200219N,0.0625
Uts_15_0y_0503,20200219N,0.06818181818181818
Uts_15_0y_0506,20200219N,0.10795454545454546
Uts_15_0y_0508,20200219N,0.09659090909090909
Uts_15_0y_0509,20200219N,0.16477272727272727
Uts_15_0y_0511,20200219N,0.29545454545454547
Uts_15_0y_0514,20200219N,0.08522727272727272
Uts_15_0y_0517,20200219N,0.18181818181818182
Uts_15_0y_0518,20200219N,0.09090909090909091
Uts_15_0y_0519,20200219N,0.16477272727272727
Uts_15_0y_0524,20200219N,0.30113636363636365
Uts_15_0y_0525,20200219N,0.0625
Uts_15_0y_0527,20200219N,0.48295454545454547
Uts_15_0y_0532,20200219N,0.056818181818181816
Uts_15_0y_0533,20200219N,0.10227272727272728
Uts_15_0y_0534,20200219N,0.17045454545454544
Uts_15_0y_0536,20200219N,0.125
Uts_15_0y_0539,20200219N,0.056818181818181816
Uts_15_0y_0540,20200219N,0.08522727272727272
Uts_15_0y_0541,20200219N,0.3352272727272727
Uts_15_0y_0542,20200219N,0.26704545454545453
Uts_15_0y_0543,20200219N,0.7215909090909091
Uts_15_0y_0546,20200219N,0.06818181818181818
Uts_15_0y_0547,20200219N,0.13068181818181818
Uts_15_0y_0548,20200219N,0.5284090909090909
Uts_15_0y_0550,20200219N,0.07386363636363637
Uts_15_0y_0551,20200219N,0.08522727272727272
Uts_15_0y_0553,20200219N,0.056818181818181816
Uts_15_0y_0555,20200219N,0.14204545454545456
Uts_15_0y_0556,20200219N,0.11363636363636363
Uts_15_0y_0557,20200219N,0.10795454545454546
Uts_15_0y_0558,20200219N,0.3125
Uts_15_0y_0559,20200219N,0.20454545454545456
Uts_15_0y_0561,20200219N,0.0625
Uts_15_0y_0564,20200219N,0.22727272727272727
Uts_15_0y_0565,20200219N,0.3125
Uts_15_0y_0566,20200219N,0.1590909090909091
Uts_15_0y_0568,20200219N,0.0625
Uts_15_0y_0569,20200219N,0.4375
Uts_15_0y_0571,20200219N,0.1875
Uts_15_0y_0575,20200219N,0.7556818181818182
Uts_15_0y_0586,20200219N,0.056818181818181816
Uts_15_0y_0589,20200219N,0.09090909090909091
Uts_15_0y_0595,20200219N,0.14204545454545456
Uts_15_0y_0601,20200219N,0.9943181818181818
Uts_15_0y_0606,20200219N,0.3125
Uts_15_0y_0610,20200219N,0.26704545454545453
Uts_15_0y_0614,20200219N,0.22727272727272727
Uts_15_0y_0619,20200219N,0.11931818181818182
Uts_15_0y_0620,20200219N,0.14772727272727273
Uts_15_0y_0622,20200219N,0.05113636363636364
Uts_15_0y_0629,20200219N,0.6079545454545454
Uts_15_0y_0633,20200219N,0.9886363636363636
Uts_15_0y_0635,20200219N,0.4659090909090909
Uts_15_0y_0637,20200219N,0.25
Uts_15_0y_0638,20200219N,0.125
Uts_15_0y_0639,20200219N,0.5227272727272727
Uts_15_0y_0640,20200219N,0.10795454545454546
Uts_15_0y_0643,20200219N,0.07954545454545454
Uts_15_0y_0646,20200219N,0.11931818181818182
Uts_15_0y_0650,20200219N,0.0625
Uts_15_0y_0654,20200219N,0.06818181818181818
Uts_15_0y_0655,20200219N,0.09659090909090909
Uts_15_0y_0659,20200219N,0.07386363636363637
Uts_15_0y_0660,20200219N,0.056818181818181816
Uts_15_0y_0661,20200219N,0.10795454545454546
Uts_15_0y_0709,20200219N,0.056818181818181816
Uts_15_0y_0739,20200219N,0.05113636363636364
Uts_15_0y_0835,20200219N,0.9943181818181818
Uts_15_0y_0836,20200219N,0.09659090909090909
Uts_15_0y_0837,20200219N,0.0625
Uts_15_0y_0847,20200219N,0.0625
Uts_15_0y_0857,20200219N,0.19886363636363635
Uts_15_0y_0866,20200219N,0.08522727272727272
Uts_15_0y_0869,20200219N,0.09659090909090909
Uts_15_0y_0876,20200219N,0.0625
Uts_15_0y_0878,20200219N,0.36363636363636365
Uts_15_0y_0879,20200219N,0.2556818181818182
Uts_15_0y_0880,20200219N,0.10795454545454546
Uts_15_0y_0883,20200219N,0.3409090909090909
Uts_15_0y_0884,20200219N,0.056818181818181816
Uts_15_0y_0886,20200219N,0.2159090909090909
Uts_15_0y_0888,20200219N,0.2215909090909091
Uts_15_0y_0889,20200219N,0.05113636363636364
Uts_15_0y_0890,20200219N,0.07954545454545454
Uts_15_0y_0892,20200219N,0.7045454545454546
Uts_15_0y_0893,20200219N,0.14204545454545456
Uts_15_0y_0894,20200219N,0.06818181818181818
Uts_15_0y_0896,20200219N,0.08522727272727272
Uts_15_0y_0897,20200219N,0.0625
Uts_15_0y_0898,20200219N,0.0625
Uts_15_0y_0899,20200219N,0.18181818181818182
Uts_15_0y_0900,20200219N,0.14772727272727273
Uts_15_0y_0901,20200219N,0.06818181818181818
Uts_15_0y_0902,20200219N,0.20454545454545456
Uts_15_0y_0903,20200219N,0.18181818181818182
Uts_15_0y_0904,20200219N,0.09090909090909091
Uts_15_0y_0905,20200219N,0.10795454545454546
Uts_15_0y_0906,20200219N,0.056818181818181816
Uts_15_0y_0908,20200219N,0.4318181818181818
Uts_15_0y_0909,20200219N,0.5738636363636364
Uts_15_0y_0910,20200219N,0.056818181818181816
Uts_15_0y_0911,20200219N,0.16477272727272727
Uts_15_0y_0912,20200219N,0.1534090909090909
Uts_15_0y_0913,20200219N,0.09090909090909091
Uts_15_0y_0914,20200219N,0.10795454545454546
Uts_15_0y_0915,20200219N,0.6022727272727273
Uts_15_0y_0916,20200219N,0.08522727272727272
Uts_15_0y_0917,20200219N,0.2727272727272727
Uts_15_0y_0918,20200219N,0.2556818181818182
Uts_15_0y_0919,20200219N,0.07954545454545454
Uts_15_0y_0920,20200219N,0.07954545454545454
Uts_15_0y_0921,20200219N,0.08522727272727272
Uts_15_0y_0922,20200219N,0.5170454545454546
Uts_15_0y_0923,20200219N,0.3125
Uts_15_0y_0924,20200219N,0.08522727272727272
Uts_15_0y_0925,20200219N,0.35795454545454547
Uts_15_0y_0927,20200219N,0.35795454545454547
Uts_15_0y_0928,20200219N,0.07386363636363637
Uts_15_0y_0930,20200219N,0.2784090909090909
Uts_15_0y_0932,20200219N,0.39204545454545453
Uts_15_0y_0933,20200219N,0.07386363636363637
Uts_15_0y_0934,20200219N,0.4715909090909091
Uts_15_0y_0935,20200219N,0.0625
Uts_15_0y_0936,20200219N,0.5397727272727273
Uts_15_0y_0937,20200219N,0.1534090909090909
Uts_15_0y_0939,20200219N,0.09090909090909091
Uts_15_0y_0940,20200219N,0.6306818181818182
Uts_15_0y_0941,20200219N,0.39204545454545453
Uts_15_0y_0943,20200219N,0.5738636363636364
Uts_15_0y_0944,20200219N,0.17613636363636365
Uts_15_0y_0947,20200219N,0.11931818181818182
Uts_15_0y_0948,20200219N,0.3806818181818182
Uts_15_0y_0949,20200219N,0.11931818181818182
Uts_15_0y_0950,20200219N,0.26136363636363635
Uts_15_0y_0951,20200219N,0.30113636363636365
Uts_15_0y_0952,20200219N,0.13636363636363635
Uts_15_0y_0954,20200219N,0.11363636363636363
Uts_15_0y_0956,20200219N,0.07386363636363637
Uts_15_0y_0958,20200219N,0.07386363636363637
Uts_15_0y_0959,20200219N,0.23295454545454544
Uts_15_0y_0961,20200219N,0.05113636363636364
Uts_15_0y_0963,20200219N,0.10227272727272728
Uts_15_0y_0964,20200219N,0.10795454545454546
Uts_15_0y_0965,20200219N,0.2215909090909091
Uts_15_0y_0966,20200219N,0.13068181818181818
Uts_15_0y_0967,20200219N,1.0
Uts_15_0y_0970,20200219N,0.35795454545454547
Uts_15_0y_0971,20200219N,0.2159090909090909
Uts_15_0y_0972,20200219N,0.18181818181818182
Uts_15_0y_0973,20200219N,0.07954545454545454
Uts_15_0y_0974,20200219N,0.0625
Uts_15_0y_0975,20200219N,0.07954545454545454
Uts_15_0y_0976,20200219N,0.05113636363636364
Uts_15_0y_0977,20200219N,0.06818181818181818
Uts_15_0y_0978,20200219N,0.0625
Uts_15_0y_0979,20200219N,0.07954545454545454
Uts_15_0y_0980,20200219N,0.13636363636363635
Uts_15_0y_0981,20200219N,0.1590909090909091
Uts_15_0y_0982,20200219N,0.11363636363636363
Uts_15_0y_0983,20200219N,0.2159090909090909
Uts_15_0y_0984,20200219N,0.06818181818181818
Uts_15_0y_0986,20200219N,0.17613636363636365
Uts_15_0y_0987,20200219N,0.10227272727272728
Uts_15_0y_0988,20200219N,0.35795454545454547
Uts_15_0y_0989,20200219N,0.16477272727272727
Uts_15_0y_0990,20200219N,0.125
Uts_15_0y_0991,20200219N,0.11931818181818182
Uts_15_0y_0996,20200219N,0.05113636363636364
Uts_15_0y_0997,20200219N,0.5284090909090909
Uts_15_0y_0998,20200219N,0.11363636363636363
Uts_15_0y_0999,20200219N,0.07954545454545454
Uts_15_0y_1002,20200219N,0.0625
Uts_15_0y_1003,20200219N,0.05113636363636364
Uts_15_0y_1004,20200219N,0.07954545454545454
Uts_15_0y_1006,20200219N,0.125
Uts_15_0y_1010,20200219N,0.17613636363636365
Uts_15_0y_1011,20200219N,0.09659090909090909
Uts_15_0y_1012,20200219N,0.09090909090909091
Uts_15_0y_1013,20200219N,0.07386363636363637
Uts_15_0y_1015,20200219N,0.125
Uts_15_0y_1016,20200219N,0.05113636363636364
Uts_15_0y_1018,20200219N,0.06818181818181818
Uts_15_0y_1019,20200219N,0.11931818181818182
Uts_15_0y_1020,20200219N,0.09090909090909091
Uts_15_0y_1021,20200219N,0.07386363636363637
Uts_15_0y_1022,20200219N,0.1534090909090909
Uts_15_0y_1023,20200219N,0.05113636363636364
Uts_15_0y_1027,20200219N,0.07954545454545454
Uts_15_0y_1028,20200219N,0.4375
Uts_15_0y_1030,20200219N,0.08522727272727272
Uts_15_0y_1031,20200219N,0.10227272727272728
Uts_15_0y_1034,20200219N,0.10795454545454546
Uts_15_0y_1035,20200219N,0.056818181818181816
Uts_15_0y_1036,20200219N,0.0625
Uts_15_0y_1037,20200219N,0.13068181818181818
Uts_15_0y_1039,20200219N,0.0625
Uts_15_0y_1042,20200219N,0.13636363636363635
Uts_15_0y_1043,20200219N,0.4602272727272727
Uts_15_0y_1044,20200219N,0.09090909090909091
Uts_15_0y_1045,20200219N,0.20454545454545456
Uts_15_0y_1046,20200219N,0.18181818181818182
Uts_15_0y_1052,20200219N,0.06818181818181818
Uts_15_0y_1058,20200219N,0.07954545454545454
Uts_15_0y_1061,20200219N,0.6420454545454546
Uts_15_0y_1062,20200219N,0.1534090909090909
Uts_15_0y_1063,20200219N,0.17613636363636365
Uts_15_0y_1064,20200219N,0.2215909090909091
Uts_15_0y_1066,20200219N,0.19318181818181818
Uts_15_0y_1068,20200219N,0.10227272727272728
Uts_15_0y_1069,20200219N,0.5852272727272727
Uts_15_0y_1070,20200219N,0.07386363636363637
Uts_15_0y_1071,20200219N,0.14772727272727273
Uts_15_0y_1075,20200219N,0.20454545454545456
Uts_15_0y_1076,20200219N,0.7272727272727273
Uts_15_0y_1077,20200219N,0.07954545454545454
Uts_15_0y_1078,20200219N,0.08522727272727272
Uts_15_0y_1082,20200219N,0.09090909090909091
Uts_15_0y_1083,20200219N,0.3465909090909091
Uts_15_0y_1084,20200219N,0.6193181818181818
Uts_15_0y_1086,20200219N,0.2897727272727273
Uts_15_0y_1087,20200219N,0.3068181818181818
Uts_15_0y_1089,20200219N,0.07386363636363637
Uts_15_0y_1091,20200219N,0.07386363636363637
Uts_15_0y_1092,20200219N,0.3977272727272727
Uts_15_0y_1093,20200219N,0.5738636363636364
Uts_15_0y_1095,20200219N,0.1534090909090909
Uts_15_0y_1096,20200219N,0.0625
Uts_15_0y_1098,20200219N,0.07954545454545454
Uts_15_0y_1099,20200219N,0.2784090909090909
Uts_15_0y_1100,20200219N,0.3522727272727273
Uts_15_0y_1101,20200219N,0.4375
Uts_15_0y_1102,20200219N,0.17613636363636365
Uts_15_0y_1103,20200219N,0.17045454545454544
Uts_15_0y_1106,20200219N,0.5909090909090909
Uts_15_0y_1107,20200219N,0.4034090909090909
Uts_15_0y_1108,20200219N,0.5511363636363636
Uts_15_0y_1109,20200219N,0.6477272727272727
Uts_15_0y_1110,20200219N,0.09090909090909091
Uts_15_0y_1111,20200219N,0.09659090909090909
Uts_15_0y_1112,20200219N,0.09090909090909091
Uts_15_0y_1113,20200219N,0.05113636363636364
Uts_15_0y_1114,20200219N,0.14772727272727273
Uts_15_0y_1115,20200219N,0.13636363636363635
Uts_15_0y_1116,20200219N,0.06818181818181818
Uts_15_0y_1117,20200219N,0.07386363636363637
Uts_15_0y_1118,20200219N,0.11363636363636363
Uts_15_0y_1119,20200219N,0.21022727272727273
Uts_15_0y_1125,20200219N,0.17613636363636365
Uts_15_0y_1126,20200219N,1.0
Uts_15_0y_1127,20200219N,0.1534090909090909
Uts_15_0y_1128,20200219N,0.07954545454545454
Uts_15_0y_1129,20200219N,0.4034090909090909
Uts_15_0y_1131,20200219N,0.07954545454545454
Uts_15_0y_1132,20200219N,0.2556818181818182
Uts_15_0y_1133,20200219N,0.14772727272727273
Uts_15_0y_1134,20200219N,0.2727272727272727
Uts_15_0y_1135,20200219N,0.75
Uts_15_0y_1136,20200219N,0.45454545454545453
Uts_15_0y_1138,20200219N,0.2215909090909091
Uts_15_0y_1140,20200219N,0.07386363636363637
Uts_15_0y_1141,20200219N,0.18181818181818182
Uts_15_0y_1142,20200219N,0.125
Uts_15_0y_1143,20200219N,0.2727272727272727
Uts_15_0y_1147,20200219N,0.07386363636363637
Uts_15_0y_1148,20200219N,0.3181818181818182
Uts_15_0y_1164,20200219N,0.0625
Uts_15_0y_1167,20200219N,0.16477272727272727
Uts_15_0y_1168,20200219N,0.07954545454545454
Uts_15_0y_1173,20200219N,0.05113636363636364
Uts_15_0y_1175,20200219N,0.07386363636363637
Uts_15_0y_1176,20200219N,0.36363636363636365
Uts_15_0y_1178,20200219N,0.09659090909090909
Uts_15_0y_1179,20200219N,0.16477272727272727
Uts_15_0y_1183,20200219N,0.0625
Uts_15_0y_1188,20200219N,0.3693181818181818
Uts_15_0y_1190,20200219N,0.0625
Uts_15_0y_1194,20200219N,0.20454545454545456
Uts_15_0y_1195,20200219N,0.20454545454545456
Uts_15_0y_1196,20200219N,0.10227272727272728
Uts_15_0y_1197,20200219N,0.5284090909090909
Uts_15_0y_1207,20200219N,0.0625
Uts_15_0y_1210,20200219N,0.2784090909090909
Uts_15_0y_1211,20200219N,0.06818181818181818
Uts_15_0y_1212,20200219N,0.08522727272727272
Uts_15_0y_1213,20200219N,0.07954545454545454
Uts_15_0y_1214,20200219N,0.056818181818181816
Uts_15_0y_1217,20200219N,0.32386363636363635
Uts_15_0y_1218,20200219N,0.08522727272727272
Uts_15_0y_1219,20200219N,0.08522727272727272
Uts_15_0y_1220,20200219N,0.06818181818181818
Uts_15_0y_1221,20200219N,0.3693181818181818
Uts_15_0y_1222,20200219N,0.4943181818181818
Uts_15_0y_1223,20200219N,0.11363636363636363
Uts_15_0y_1227,20200219N,0.06818181818181818
Uts_15_0y_1228,20200219N,0.10227272727272728
Uts_15_0y_1229,20200219N,0.07386363636363637
Uts_15_0y_1230,20200219N,0.3352272727272727
Uts_15_0y_1231,20200219N,0.6420454545454546
Uts_15_0y_1235,20200219N,0.25
Uts_15_0y_1236,20200219N,0.16477272727272727
Uts_15_0y_1237,20200219N,0.07954545454545454
Uts_15_0y_1238,20200219N,0.07954545454545454
Uts_15_0y_1239,20200219N,0.13636363636363635
Uts_15_0y_1243,20200219N,0.05113636363636364
Uts_15_0y_1250,20200219N,0.11931818181818182
Uts_15_0y_1252,20200219N,0.24431818181818182
Uts_15_0y_1254,20200219N,0.07386363636363637
Uts_15_0y_1256,20200219N,0.056818181818181816
Uts_15_0y_1258,20200219N,0.06818181818181818
Uts_15_0y_1259,20200219N,0.0625
Uts_15_0y_1260,20200219N,0.07954545454545454
Uts_15_0y_1270,20200219N,0.2727272727272727
Uts_15_0y_1275,20200219N,0.0625
Uts_15_0y_1277,20200219N,0.20454545454545456
Uts_15_0y_1278,20200219N,0.7386363636363636
Uts_15_0y_1279,20200219N,0.11363636363636363
Uts_15_0y_1284,20200219N,0.07386363636363637
Uts_15_0y_1285,20200219N,0.056818181818181816
Uts_15_0y_1286,20200219N,0.45454545454545453
Uts_15_0y_1287,20200219N,0.06818181818181818
Uts_15_0y_1293,20200219N,0.09659090909090909
Uts_15_0y_1294,20200219N,0.5454545454545454
Uts_15_0y_1295,20200219N,0.0625
Uts_15_0y_1298,20200219N,0.056818181818181816
Uts_15_0y_1300,20200219N,0.9204545454545454
Uts_15_0y_1301,20200219N,0.19318181818181818
Uts_15_0y_1302,20200219N,0.6193181818181818
Uts_15_0y_1303,20200219N,0.2840909090909091
Uts_15_0y_1304,20200219N,0.06818181818181818
Uts_15_0y_1306,20200219N,0.18181818181818182
Uts_15_0y_1307,20200219N,0.07954545454545454
Uts_15_0y_1309,20200219N,0.11363636363636363
Uts_15_0y_1310,20200219N,0.10795454545454546
Uts_15_0y_1311,20200219N,0.07386363636363637
Uts_15_0y_1314,20200219N,0.125
Uts_15_0y_1317,20200219N,0.07386363636363637
Uts_15_0y_1318,20200219N,0.14204545454545456
Uts_15_0y_1319,20200219N,0.13636363636363635
Uts_15_0y_1323,20200219N,0.07954545454545454
Uts_15_0y_1324,20200219N,0.07386363636363637
Uts_15_0y_1325,20200219N,0.21022727272727273
Uts_15_0y_1326,20200219N,0.4318181818181818
Uts_15_0y_1327,20200219N,0.11931818181818182
Uts_15_0y_1332,20200219N,0.17613636363636365
Uts_15_0y_1333,20200219N,0.16477272727272727
Uts_15_0y_1334,20200219N,0.3977272727272727
Uts_15_0y_1335,20200219N,0.11931818181818182
Uts_15_0y_1340,20200219N,0.13068181818181818
Uts_15_0y_1347,20200219N,0.05113636363636364
Uts_15_0y_1349,20200219N,0.056818181818181816
Uts_15_0y_1350,20200219N,0.056818181818181816
Uts_15_0y_1351,20200219N,0.0625
Uts_15_0y_1361,20200219N,0.05113636363636364
Uts_15_0y_1362,20200219N,0.13068181818181818
Uts_15_0y_1363,20200219N,0.11363636363636363
Uts_15_0y_1364,20200219N,0.17045454545454544
Uts_15_0y_1367,20200219N,0.07954545454545454
Uts_15_0y_1370,20200219N,0.13636363636363635
Uts_15_0y_1371,20200219N,0.1534090909090909
Uts_15_0y_1372,20200219N,0.09090909090909091
Uts_15_0y_1373,20200219N,0.3806818181818182
Uts_15_0y_1374,20200219N,0.4147727272727273
Uts_15_0y_1375,20200219N,0.48863636363636365
Uts_15_0y_1376,20200219N,0.10227272727272728
Uts_15_0y_1378,20200219N,0.0625
Uts_15_0y_1379,20200219N,0.11931818181818182
Uts_15_0y_1380,20200219N,0.07386363636363637
Uts_15_0y_1381,20200219N,0.45454545454545453
Uts_15_0y_1382,20200219N,0.14772727272727273
Uts_15_0y_1383,20200219N,0.17045454545454544
Uts_15_0y_1387,20200219N,0.07954545454545454
Uts_15_0y_1389,20200219N,0.1590909090909091
Uts_15_0y_1390,20200219N,0.6477272727272727
Uts_15_0y_1391,20200219N,0.14204545454545456
Uts_15_0y_1392,20200219N,0.10795454545454546
Uts_15_0y_1395,20200219N,0.056818181818181816
Uts_15_0y_1397,20200219N,0.44886363636363635
Uts_15_0y_1398,20200219N,0.13068181818181818
Uts_15_0y_1403,20200219N,0.08522727272727272
Uts_15_0y_1404,20200219N,0.22727272727272727
Uts_15_0y_1407,20200219N,0.10795454545454546
Uts_15_0y_1408,20200219N,0.11931818181818182
Uts_15_0y_1410,20200219N,0.32954545454545453
Uts_15_0y_1411,20200219N,0.0625
Uts_15_0y_1412,20200219N,0.18181818181818182
Uts_15_0y_1413,20200219N,0.07954545454545454
Uts_15_0y_1414,20200219N,0.05113636363636364
Uts_15_0y_1416,20200219N,0.17613636363636365
Uts_15_0y_1419,20200219N,0.18181818181818182
Uts_15_0y_1420,20200219N,0.09659090909090909
Uts_15_0y_1421,20200219N,0.07954545454545454
Uts_15_0y_1422,20200219N,0.5113636363636364
Uts_15_0y_1423,20200219N,0.10227272727272728
Uts_15_0y_1424,20200219N,0.09090909090909091
Uts_15_0y_1427,20200219N,0.07386363636363637
Uts_15_0y_1428,20200219N,0.11363636363636363
Uts_15_0y_1429,20200219N,0.05113636363636364
Uts_15_0y_1430,20200219N,0.4715909090909091
Uts_15_0y_1431,20200219N,0.06818181818181818
Uts_15_0y_1432,20200219N,0.10227272727272728
Uts_15_0y_1436,20200219N,0.20454545454545456
Uts_15_0y_1437,20200219N,0.17613636363636365
Uts_15_0y_1438,20200219N,0.0625
Uts_15_0y_1439,20200219N,0.13636363636363635
Uts_15_0y_1453,20200219N,0.17045454545454544
Uts_15_0y_1454,20200219N,0.13636363636363635
Uts_15_0y_1455,20200219N,0.09090909090909091
Uts_15_0y_1458,20200219N,0.11931818181818182
Uts_15_0y_1459,20200219N,0.05113636363636364
Uts_15_0y_1463,20200219N,0.08522727272727272
Uts_15_0y_1467,20200219N,0.0625
Uts_15_0y_1471,20200219N,0.06818181818181818
Uts_15_0y_1483,20200219N,0.09090909090909091
Uts_15_0y_1499,20200219N,0.9943181818181818
Uts_15_0y_1500,20200219N,0.13636363636363635
Uts_15_0y_1510,20200219N,0.05113636363636364
Uts_15_0y_1513,20200219N,0.0625
Uts_15_0y_1514,20200219N,0.05113636363636364
Uts_15_0y_1518,20200219N,0.10227272727272728
Uts_15_0y_1523,20200219N,0.13068181818181818
Uts_15_0y_1548,20200219N,0.05113636363636364
Uts_15_0y_1557,20200219N,1.0
Uts_15_0y_1568,20200219N,0.9943181818181818
Uts_15_0y_1571,20200219N,0.9943181818181818
Uts_15_0y_1595,20200219N,0.056818181818181816
Uts_15_0y_1596,20200219N,0.07954545454545454
Uts_15_0y_1623,20200219N,0.05113636363636364
Uts_15_0y_1662,20200219N,0.056818181818181816
Uts_15_0y_1668,20200219N,0.05113636363636364
Uts_15_0y_1697,20200219N,1.0
Uts_15_0y_1716,20200219N,0.05113636363636364
Uts_15_0y_1718,20200219N,0.09090909090909091
Uts_15_0y_1722,20200219N,0.75
Uts_15_0y_1728,20200219N,0.16477272727272727
Uts_15_0y_1776,20200219N,0.05113636363636364
Uts_15_0y_1779,20200219N,1.0
Uts_15_0y_1780,20200219N,1.0
Uts_15_0y_1860,20200219N,0.056818181818181816
Uts_15_0y_1861,20200219N,1.0
Uts_15_0y_1893,20200219N,0.4659090909090909
Uts_15_0y_1898,20200219N,0.06818181818181818
Uts_15_0y_1901,20200219N,0.125
Uts_15_0y_1902,20200219N,0.0625
Uts_15_0y_1904,20200219N,0.13636363636363635
Uts_15_1y_0027,20200219N,0.056818181818181816
Uts_15_1y_0029,20200219N,0.05113636363636364
Uts_15_1y_0030,20200219N,0.17045454545454544
Uts_15_1y_0098,20200219N,1.0
Uts_15_1y_0104,20200219N,1.0
Uts_15_1y_0112,20200219N,1.0
Uts_15_1y_0120,20200219N,1.0
Uts_15_1y_0152,20200219N,1.0
Uts_15_1y_0184,20200219N,1.0
Uts_15_1y_0215,20200219N,0.11363636363636363
Uts_15_1y_0224,20200219N,0.20454545454545456
Uts_15_1y_0484,20190619N,1.0
Uts_15_2y_0009,20190619N,1.0
Uts_16_0y_0001,20190619N,0.05113636363636364
Uts_16_0y_0113,20190619N,0.0625
Uts_16_0y_0132,20190619N,0.4772727272727273
Uts_16_0y_0135,20190619N,0.8181818181818182
Uts_16_0y_0136,20190619N,0.06818181818181818
Uts_16_0y_0139,20190619N,0.8977272727272727
Uts_16_0y_0150,20190619N,0.05113636363636364
Uts_16_0y_0172,20190619N,0.3352272727272727
Uts_16_0y_0179,20190619N,1.0
Uts_16_0y_0195,20190619N,0.125
Uts_16_0y_0196,20190619N,0.23295454545454544
Uts_16_0y_0233,20190619N,0.3465909090909091
Uts_16_0y_0251,20190619N,0.8579545454545454
Uts_16_0y_0253,20190619N,0.056818181818181816
Uts_16_0y_0254,20190619N,0.9829545454545454
Uts_16_0y_0257,20190619N,0.13636363636363635
Uts_16_0y_0259,20190619N,1.0
Uts_16_0y_0272,20190619N,0.2727272727272727
Uts_16_0y_0288,20190619N,0.3977272727272727
Uts_16_0y_0294,20190619N,0.8806818181818182
Uts_16_0y_0356,20190619N,0.17045454545454544
Uts_16_0y_0366,20190619N,0.4147727272727273
Uts_16_0y_0402,20190619N,0.5113636363636364
Uts_16_0y_0427,20190619N,0.9147727272727273
Uts_16_0y_0428,20190619N,0.8806818181818182
Uts_16_0y_0431,20190619N,0.9034090909090909
Uts_16_0y_0432,20190619N,0.875
Uts_16_0y_0434,20190619N,0.7102272727272727
Uts_16_0y_0520,20190619N,0.05113636363636364
Uts_16_0y_0584,20190619N,0.9715909090909091
Uts_16_0y_0585,20190619N,0.9545454545454546
Uts_16_0y_0587,20190619N,0.9375
Uts_16_0y_0690,20190619N,0.10227272727272728
Uts_16_0y_0704,20190619N,0.10795454545454546
Uts_16_0y_0719,20190619N,0.056818181818181816
Uts_16_0y_0726,20190619N,0.19318181818181818
Uts_16_0y_0738,20190619N,0.7102272727272727
Uts_16_0y_0800,20190619N,0.06818181818181818
Uts_16_0y_0809,20190619N,0.0625
Uts_16_0y_0823,20190619N,0.4715909090909091
Uts_16_0y_0865,20190619N,0.056818181818181816
Uts_16_0y_0882,20190619N,0.13636363636363635
Uts_16_0y_0888,20190619N,0.3181818181818182
Uts_16_0y_0930,20190619N,0.07954545454545454
Uts_16_0y_0952,20190619N,0.8068181818181818
Uts_16_0y_1033,20190619N,1.0
Uts_16_0y_1045,20190619N,0.8238636363636364
Uts_16_0y_1074,20190619N,0.5284090909090909
Uts_16_0y_1075,20190619N,0.9772727272727273
Uts_16_0y_1076,20190619N,0.9772727272727273
Uts_16_0y_1077,20190619N,0.9829545454545454
Uts_16_0y_1078,20190619N,0.9886363636363636
Uts_16_0y_1079,20190619N,0.9829545454545454
Uts_16_0y_1080,20190619N,0.9943181818181818
Uts_16_0y_1081,20190619N,0.9886363636363636
Uts_16_0y_1082,20190619N,0.9886363636363636
Uts_16_0y_1083,20190619N,0.9886363636363636
Uts_16_0y_1084,20190619N,0.9943181818181818
Uts_16_0y_1085,20190619N,0.9829545454545454
Uts_16_0y_1117,20190619N,0.05113636363636364
Uts_16_0y_1142,20190619N,0.056818181818181816
Uts_16_0y_1179,20190619N,0.4659090909090909
Uts_16_0y_1181,20190619N,0.05113636363636364
Uts_16_0y_1188,20190619N,0.13068181818181818
Uts_16_0y_1328,20190619N,0.13636363636363635
Uts_16_0y_1359,20190619N,0.5113636363636364
Uts_16_0y_1425,20190619N,0.9147727272727273
Uts_16_0y_1585,20190619N,0.056818181818181816
Uts_16_0y_1650,20190619N,0.0625
Uts_16_0y_1677,20190619N,1.0
Uts_16_0y_1685,20190619N,1.0
Uts_16_0y_1693,20190619N,1.0
Uts_16_0y_1698,20190619N,1.0
Uts_16_0y_1701,20190619N,1.0
Uts_16_0y_1708,20190619N,1.0
Uts_16_0y_1716,20190619N,1.0
Uts_16_0y_1724,20190619N,1.0
Uts_16_0y_1732,20190619N,1.0
Uts_16_0y_1735,20190619N,0.5738636363636364
Uts_16_0y_1745,20190619N,0.0625
Uts_16_0y_1746,20190619N,1.0
Uts_16_0y_1754,20190619N,1.0
Uts_16_0y_1762,20190619N,1.0
Uts_16_0y_1783,20190619N,0.8636363636363636
Uts_16_0y_1970,20190619N,0.09090909090909091
Uts_16_0y_1977,20190619N,0.9318181818181818
Uts_16_0y_2028,20190619N,0.9886363636363636
Uts_16_0y_2044,20190619N,0.6818181818181818
Uts_16_0y_2047,20190619N,0.17045454545454544
Uts_16_0y_2065,20190619N,0.056818181818181816
Uts_16_0y_2098,20190619N,0.05113636363636364
Uts_16_0y_2114,20190619N,0.05113636363636364
Uts_16_0y_2253,20190619N,0.08522727272727272
Uts_16_0y_2255,20190619N,0.05113636363636364
Uts_16_0y_2262,20190619N,0.06818181818181818
Uts_16_0y_2267,20190619N,0.06818181818181818
Uts_16_0y_2270,20190619N,0.05113636363636364
Uts_16_0y_2311,20190619N,0.10227272727272728
Uts_16_0y_2326,20190619N,0.07386363636363637
Uts_16_0y_2347,20190619N,0.056818181818181816
Uts_16_1y_0010,20190619N,0.4602272727272727
Uts_16_1y_0012,20190619N,0.056818181818181816
Uts_16_1y_0080,20190619N,1.0
Uts_16_1y_0088,20190619N,0.48863636363636365
Uts_16_1y_0108,20190619N,0.06818181818181818
Uts_16_1y_0113,20190619N,0.056818181818181816
Uts_16_1y_0116,20190619N,0.06818181818181818
Uts_16_1y_0150,20190619N,0.9772727272727273
Uts_16_1y_0161,20190619N,0.5284090909090909
Uts_16_1y_0186,20190619N,0.6818181818181818
Uts_16_1y_0227,20190619N,0.1534090909090909
Uts_16_1y_0233,20190619N,0.11931818181818182
Uts_16_1y_0250,20190619N,0.07386363636363637
Uts_16_1y_0253,20190619N,0.4772727272727273
Uts_16_1y_0269,20190619N,0.09659090909090909
Uts_16_1y_0271,20190619N,0.06818181818181818
Uts_16_1y_0285,20190619N,0.9829545454545454
Uts_16_2y_0025,20190619N,0.05113636363636364
Uts_17_0y_0004,20190416,0.0625
Uts_17_0y_0014,20190416,0.29545454545454547
Uts_17_0y_0028,20190416,0.06818181818181818
Uts_17_0y_0045,20190416,0.07386363636363637
Uts_17_0y_0053,20190416,0.10227272727272728
Uts_17_0y_0059,20190416,0.056818181818181816
Uts_17_0y_0060,20190416,0.10227272727272728
Uts_17_0y_0063,20190416,0.10795454545454546
Uts_17_0y_0064,20190416,0.14772727272727273
Uts_17_0y_0067,20190416,0.16477272727272727
Uts_17_0y_0070,20190416,0.1875
Uts_17_0y_0080,20190416,0.2159090909090909
Uts_17_0y_0083,20190416,0.6420454545454546
Uts_17_0y_0084,20190416,0.16477272727272727
Uts_17_0y_0085,20190416,0.25
Uts_17_0y_0093,20190416,0.9829545454545454
Uts_17_0y_0125,20190416,0.3409090909090909
Uts_17_0y_0134,20190416,0.056818181818181816
Uts_17_0y_0135,20190416,0.13068181818181818
Uts_17_0y_0151,20190416,0.25
Uts_17_0y_0154,20190416,0.05113636363636364
Uts_17_0y_0157,20190416,0.9715909090909091
Uts_17_0y_0159,20190416,0.9090909090909091
Uts_17_0y_0160,20190416,0.25
Uts_17_0y_0161,20190416,0.6363636363636364
Uts_17_0y_0162,20190416,0.11363636363636363
Uts_17_0y_0163,20190416,0.2159090909090909
Uts_17_0y_0173,20190416,1.0
Uts_17_0y_0176,20190416,0.08522727272727272
Uts_17_0y_0187,20190416,0.5681818181818182
Uts_17_0y_0196,20190416,0.14772727272727273
Uts_17_0y_0197,20190416,0.07386363636363637
Uts_17_0y_0202,20190416,0.1534090909090909
Uts_17_0y_0204,20190416,0.32386363636363635
Uts_17_0y_0205,20190416,0.5056818181818182
Uts_17_0y_0207,20190416,0.13636363636363635
Uts_17_0y_0210,20190416,0.2727272727272727
Uts_17_0y_0213,20190416,0.26136363636363635
Uts_17_0y_0214,20190416,0.18181818181818182
Uts_17_0y_0219,20190416,0.9431818181818182
Uts_17_0y_0220,20190416,0.7329545454545454
Uts_17_0y_0221,20190416,1.0
Uts_17_0y_0222,20190416,0.11931818181818182
Uts_17_0y_0224,20190416,0.9943181818181818
Uts_17_0y_0226,20190416,0.0625
Uts_17_0y_0227,20190416,0.056818181818181816
Uts_17_0y_0228,20190416,0.06818181818181818
Uts_17_0y_0229,20190416,0.7159090909090909
Uts_17_0y_0230,20190416,0.2727272727272727
Uts_17_0y_0231,20190416,0.32954545454545453
Uts_17_0y_0234,20190416,0.14204545454545456
Uts_17_0y_0235,20190416,0.29545454545454547
Uts_17_0y_0236,20190416,0.23295454545454544
Uts_17_0y_0237,20190416,0.7045454545454546
Uts_17_0y_0238,20190416,0.9147727272727273
Uts_17_0y_0239,20190416,0.14204545454545456
Uts_17_0y_0240,20190416,0.05113636363636364
Uts_17_0y_0242,20190416,0.30113636363636365
Uts_17_0y_0243,20190416,0.3693181818181818
Uts_17_0y_0245,20190416,0.19886363636363635
Uts_17_0y_0246,20190416,0.38636363636363635
Uts_17_0y_0247,20190416,0.375
Uts_17_0y_0253,20190416,0.2727272727272727
Uts_17_0y_0254,20190416,0.07386363636363637
Uts_17_0y_0259,20190416,0.0625
Uts_17_0y_0260,20190416,0.4431818181818182
Uts_17_0y_0261,20190416,0.1534090909090909
Uts_17_0y_0262,20190416,0.4715909090909091
Uts_17_0y_0269,20190416,0.1534090909090909
Uts_17_0y_0279,20190416,0.6761363636363636
Uts_17_0y_0311,20190416,0.0625
Uts_17_0y_0315,20190416,0.0625
Uts_17_0y_0320,20190416,0.26704545454545453
Uts_17_0y_0321,20190416,0.14204545454545456
Uts_17_0y_0324,20190416,0.07386363636363637
Uts_17_0y_0326,20190416,0.11363636363636363
Uts_17_0y_0337,20190416,0.06818181818181818
Uts_17_0y_0345,20190416,0.0625
Uts_17_0y_0348,20190416,0.16477272727272727
Uts_17_0y_0375,20190416,1.0
Uts_17_0y_0386,20190416,0.05113636363636364
Uts_17_0y_0411,20190416,0.5056818181818182
Uts_17_0y_0412,20190416,0.5795454545454546
Uts_17_0y_0413,20190416,0.42045454545454547
Uts_17_0y_0414,20190416,0.26704545454545453
Uts_17_0y_0415,20190416,0.3352272727272727
Uts_17_0y_0416,20190416,0.6761363636363636
Uts_17_0y_0417,20190416,0.75
Uts_17_0y_0418,20190416,0.7613636363636364
Uts_17_0y_0466,20190208R,0.2784090909090909
Uts_17_0y_0467,20190208R,0.1590909090909091
Uts_17_0y_0468,20190208R,0.125
Uts_17_0y_0469,20190208R,0.1534090909090909
Uts_17_0y_0471,20190208R,0.09659090909090909
Uts_17_0y_0472,20190208R,0.11363636363636363
Uts_17_0y_0473,20190208R,0.07386363636363637
Uts_17_0y_0474,20190208R,0.056818181818181816
Uts_17_0y_0475,20190208R,0.11931818181818182
Uts_17_0y_0476,20190208R,0.9943181818181818
Uts_17_0y_0478,20190208R,0.11363636363636363
Uts_17_0y_0481,20190208R,0.3409090909090909
Uts_17_0y_0482,20190208R,0.13068181818181818
Uts_17_0y_0483,20190208R,0.07954545454545454
Uts_17_0y_0484,20190208R,0.4090909090909091
Uts_17_0y_0485,20190208R,0.26136363636363635
Uts_17_0y_0487,20190208R,0.19886363636363635
Uts_17_0y_0490,20190208R,0.3693181818181818
Uts_17_0y_0491,20190208R,0.36363636363636365
Uts_17_0y_0492,20190208R,0.3181818181818182
Uts_17_0y_0493,20190208R,0.3181818181818182
Uts_17_0y_0494,20190208R,0.2784090909090909
Uts_17_0y_0497,20190208R,0.19318181818181818
Uts_17_0y_0498,20190208R,0.17613636363636365
Uts_17_0y_0499,20190208R,0.22727272727272727
Uts_17_0y_0500,20190208R,0.11363636363636363
Uts_17_0y_0501,20190208R,0.25
Uts_17_0y_0502,20190208R,0.23295454545454544
Uts_17_0y_0503,20190208R,0.17613636363636365
Uts_17_0y_0504,20190208R,0.07386363636363637
Uts_17_0y_0505,20190208R,0.17613636363636365
Uts_17_0y_0506,20190208R,0.26136363636363635
Uts_17_0y_0507,20190208R,0.5056818181818182
Uts_17_0y_0508,20190208R,0.39204545454545453
Uts_17_0y_0509,20190208R,0.18181818181818182
Uts_17_0y_0510,20190208R,0.05113636363636364
Uts_17_0y_0511,20190208R,0.2215909090909091
Uts_17_0y_0512,20190208R,0.4034090909090909
Uts_17_0y_0513,20190208R,0.2727272727272727
Uts_17_0y_0514,20190208R,0.25
Uts_17_0y_0515,20190208R,0.30113636363636365
Uts_17_0y_0516,20190208R,0.17613636363636365
Uts_17_0y_0517,20190208R,0.14772727272727273
Uts_17_0y_0518,20190208R,0.13068181818181818
Uts_17_0y_0519,20190208R,0.05113636363636364
Uts_17_0y_0520,20190208R,0.30113636363636365
Uts_17_0y_0521,20190208R,0.32954545454545453
Uts_17_0y_0522,20190208R,0.16477272727272727
Uts_17_0y_0523,20190208R,0.32954545454545453
Uts_17_0y_0524,20190208R,0.26136363636363635
Uts_17_0y_0525,20190208R,0.375
Uts_17_0y_0526,20190208R,0.2215909090909091
Uts_17_0y_0527,20190208R,0.17613636363636365
Uts_17_0y_0530,20190208R,0.10795454545454546
Uts_17_0y_0531,20190208R,0.25
Uts_17_0y_0532,20190208R,0.4090909090909091
Uts_17_0y_0533,20190208R,0.26136363636363635
Uts_17_0y_0658,20190416,0.0625
Uts_17_0y_0664,20190416,0.056818181818181816
Uts_17_0y_0668,20190416,0.23863636363636365
Uts_17_0y_0677,20190416,0.14772727272727273
Uts_17_0y_0683,20190416,0.10227272727272728
Uts_17_0y_0685,20190416,0.0625
Uts_17_0y_0690,20190416,0.17045454545454544
Uts_17_0y_0693,20190416,0.32954545454545453
Uts_17_0y_0697,20190416,0.14772727272727273
Uts_17_0y_0699,20190416,0.05113636363636364
Uts_17_0y_0700,20190416,0.09090909090909091
Uts_17_0y_0706,20190416,0.07954545454545454
Uts_17_0y_0711,20190416,0.05113636363636364
Uts_17_0y_0713,20190416,0.056818181818181816
Uts_17_0y_0716,20190416,0.08522727272727272
Uts_17_0y_0717,20190416,0.05113636363636364
Uts_17_0y_0719,20190416,0.3693181818181818
Uts_17_0y_0723,20190416,0.0625
Uts_17_0y_0728,20190416,0.26704545454545453
Uts_17_0y_0729,20190416,0.125
Uts_17_0y_0731,20190416,0.08522727272727272
Uts_17_0y_0736,20190416,0.16477272727272727
Uts_17_0y_0737,20190416,0.4943181818181818
Uts_17_0y_0738,20190416,0.10795454545454546
Uts_17_0y_0739,20190416,0.4375
Uts_17_0y_0742,20190416,0.05113636363636364
Uts_17_0y_0743,20190416,0.3465909090909091
Uts_17_0y_0744,20190416,0.17045454545454544
Uts_17_0y_0749,20190416,0.2556818181818182
Uts_17_0y_0750,20190416,0.17045454545454544
Uts_17_0y_0756,20190416,0.39204545454545453
Uts_17_0y_0757,20190416,0.14204545454545456
Uts_17_0y_0758,20190416,0.4659090909090909
Uts_17_0y_0764,20190416,0.10795454545454546
Uts_17_0y_0765,20190416,0.11363636363636363
Uts_17_0y_0772,20190416,0.16477272727272727
Uts_17_0y_0774,20190416,0.05113636363636364
Uts_17_0y_0855,20190208R,0.23863636363636365
Uts_17_0y_0863,20190208R,0.0625
Uts_17_0y_0879,20190208R,0.0625
Uts_17_0y_0886,20190208R,0.16477272727272727
Uts_17_0y_0887,20190208R,0.11363636363636363
Uts_17_0y_0889,20190208R,0.375
Uts_17_0y_0890,20190208R,0.2159090909090909
Uts_17_0y_0891,20190208R,0.32386363636363635
Uts_17_0y_0895,20190208R,0.4318181818181818
Uts_17_0y_0897,20190208R,0.13636363636363635
Uts_17_0y_0900,20190208R,0.06818181818181818
Uts_17_0y_0903,20190208R,0.13636363636363635
Uts_17_0y_0905,20190208R,0.14204545454545456
Uts_17_0y_0906,20190208R,0.25
Uts_17_0y_0919,20190208R,0.09659090909090909
Uts_17_0y_0920,20190208R,0.10795454545454546
Uts_17_0y_0921,20190208R,0.2727272727272727
Uts_17_0y_0931,20190416,0.14204545454545456
Uts_17_0y_0947,20190416,0.19318181818181818
Uts_17_0y_0965,20190416,0.19318181818181818
Uts_17_0y_0978,20190416,0.05113636363636364
Uts_17_0y_1008,20190416,0.11363636363636363
Uts_17_0y_1009,20190416,0.13636363636363635
Uts_17_0y_1018,20190416,0.07386363636363637
Uts_17_0y_1023,20190416,0.9545454545454546
Uts_17_0y_1024,20190416,0.14772727272727273
Uts_17_0y_1034,20190416,0.42613636363636365
Uts_17_0y_1036,20190416,0.125
Uts_17_0y_1042,20190416,0.3806818181818182
Uts_17_0y_1045,20190416,0.3465909090909091
Uts_17_0y_1056,20190416,0.32954545454545453
Uts_17_0y_1058,20190416,0.24431818181818182
Uts_17_0y_1059,20190416,0.17045454545454544
Uts_17_0y_1066,20190416,0.25
Uts_17_0y_1068,20190416,0.32386363636363635
Uts_17_0y_1073,20190416,0.36363636363636365
Uts_17_0y_1074,20190416,0.3352272727272727
Uts_17_0y_1075,20190416,0.14772727272727273
Uts_17_0y_1077,20190416,0.22727272727272727
Uts_17_0y_1079,20190416,0.18181818181818182
Uts_17_0y_1083,20190416,0.056818181818181816
Uts_17_0y_1084,20190416,0.1534090909090909
Uts_17_0y_1100,20190416,0.2159090909090909
Uts_17_0y_1117,20190416,0.0625
Uts_17_0y_1121,20190416,0.19318181818181818
Uts_17_0y_1122,20190416,0.19318181818181818
Uts_17_0y_1125,20190416,0.056818181818181816
Uts_17_0y_1190,20190416,0.36363636363636365
Uts_17_0y_1211,20190416,0.19886363636363635
Uts_17_0y_1216,20190416,0.21022727272727273
Uts_17_0y_1317,20190416,0.05113636363636364
Uts_17_0y_1326,20190416,0.10795454545454546
Uts_17_0y_1329,20190416,0.05113636363636364
Uts_17_0y_1332,20190416,0.30113636363636365
Uts_17_0y_1349,20190416,0.056818181818181816
Uts_17_0y_1363,20190416,1.0
Uts_17_0y_1366,20190416,0.07954545454545454
Uts_17_0y_1381,20190416,0.0625
Uts_17_0y_1397,20190416,0.05113636363636364
Uts_17_0y_1405,20190416,0.26704545454545453
Uts_17_0y_1407,20190416,0.10795454545454546
Uts_17_0y_1412,20190416,0.9943181818181818
Uts_17_0y_1413,20190416,0.056818181818181816
Uts_17_0y_1416,20190416,0.23863636363636365
Uts_17_0y_1424,20190416,0.05113636363636364
Uts_17_0y_1442,20190416,0.08522727272727272
Uts_17_0y_1443,20190416,0.2556818181818182
Uts_17_0y_1444,20190416,0.2727272727272727
Uts_17_0y_1448,20190416,0.07954545454545454
Uts_17_0y_1451,20190416,0.16477272727272727
Uts_17_0y_1452,20190416,0.09090909090909091
Uts_17_0y_1460,20190416,0.11363636363636363
Uts_17_0y_1469,20190416,0.125
Uts_17_0y_1471,20190416,0.056818181818181816
Uts_17_0y_1517,20190416,0.056818181818181816
Uts_17_0y_1520,20190416,0.05113636363636364
Uts_17_0y_1537,20190416,0.11363636363636363
Uts_17_0y_1566,20190416,0.0625
Uts_17_0y_1700,20190416,0.056818181818181816
Uts_17_0y_1707,20190416,0.07386363636363637
Uts_17_0y_1708,20190416,0.05113636363636364
Uts_17_0y_1718,20190416,0.06818181818181818
Uts_17_0y_1796,20190416,0.18181818181818182
Uts_17_0y_1800,20190416,0.05113636363636364
Uts_17_0y_1803,20190416,0.09090909090909091
Uts_17_0y_1804,20190416,0.0625
Uts_17_0y_1810,20190416,0.0625
Uts_17_0y_1816,20190416,0.05113636363636364
Uts_17_0y_1819,20190416,0.07386363636363637
Uts_17_0y_1821,20190416,0.05113636363636364
Uts_17_0y_1823,20190416,0.07386363636363637
Uts_17_0y_1824,20190416,0.06818181818181818
Uts_17_0y_1830,20190416,0.17613636363636365
Uts_17_0y_1833,20190416,0.07386363636363637
Uts_17_0y_2004,20190416,0.2556818181818182
Uts_17_0y_2170,20190416,0.0625
Uts_17_0y_2186,20190416,0.18181818181818182
Uts_17_0y_2188,20190416,0.05113636363636364
Uts_17_0y_2189,20190416,0.05113636363636364
Uts_17_0y_2190,20190416,0.13636363636363635
Uts_17_0y_2224,20190416,0.14772727272727273
Uts_17_0y_2225,20190416,0.08522727272727272
Uts_17_0y_2226,20190416,0.10227272727272728
Uts_17_0y_2227,20190416,0.21022727272727273
Uts_17_0y_2228,20190416,0.056818181818181816
Uts_17_0y_2229,20190416,0.14204545454545456
Uts_17_0y_2231,20190416,0.05113636363636364
Uts_17_0y_2240,20190416,0.056818181818181816
Uts_17_0y_2248,20190416,0.05113636363636364
Uts_17_0y_2256,20190416,0.625
Uts_17_0y_2259,20190416,0.0625
Uts_17_0y_2262,20190416,0.056818181818181816
Uts_17_0y_2263,20190416,0.07386363636363637
Uts_17_0y_2270,20190416,0.07954545454545454
Uts_17_0y_2279,20190416,0.07954545454545454
Uts_17_0y_2280,20190416,0.07386363636363637
Uts_17_0y_2281,20190416,0.0625
Uts_17_0y_2283,20190416,0.05113636363636364
Uts_17_0y_2285,20190416,0.10795454545454546
Uts_17_0y_2286,20190416,0.09090909090909091
Uts_17_0y_2287,20190416,0.23295454545454544
Uts_17_0y_2288,20190416,0.0625
Uts_17_0y_2289,20190416,0.07954545454545454
Uts_17_0y_2293,20190416,0.08522727272727272
Uts_17_0y_2294,20190416,0.09090909090909091
Uts_17_0y_2310,20190416,0.05113636363636364
Uts_17_0y_2311,20190416,0.0625
Uts_17_0y_2324,20190416,0.06818181818181818
Uts_17_0y_2327,20190416,0.056818181818181816
Uts_17_0y_2333,20190416,0.09090909090909091
Uts_17_0y_2334,20190416,0.10795454545454546
Uts_17_0y_2340,20190416,0.19886363636363635
Uts_17_0y_2341,20190416,0.11363636363636363
Uts_17_0y_2342,20190416,0.056818181818181816
Uts_17_0y_2348,20190416,0.2159090909090909
Uts_17_0y_2349,20190416,0.14204545454545456
Uts_17_0y_2350,20190416,0.06818181818181818
Uts_17_0y_2351,20190416,0.056818181818181816
Uts_17_0y_2352,20190416,0.05113636363636364
Uts_17_0y_2353,20190416,0.07954545454545454
Uts_17_0y_2355,20190416,0.32386363636363635
Uts_17_0y_2357,20190416,0.1534090909090909
Uts_17_0y_2491,20190416,0.05113636363636364
Uts_17_0y_2493,20190416,0.13636363636363635
Uts_17_0y_2499,20190416,0.07954545454545454
Uts_17_0y_2500,20190416,0.06818181818181818
Uts_17_0y_2503,20190416,0.05113636363636364
Uts_17_0y_2504,20190416,0.056818181818181816
Uts_17_0y_2505,20190416,0.10227272727272728
Uts_17_0y_2507,20190416,0.375
Uts_17_0y_2509,20190416,0.2215909090909091
Uts_17_0y_2511,20190416,0.17613636363636365
Uts_17_0y_2512,20190416,0.21022727272727273
Uts_17_0y_2513,20190416,0.22727272727272727
Uts_17_0y_2514,20190416,0.17045454545454544
Uts_17_0y_2515,20190416,0.10227272727272728
Uts_17_0y_2516,20190416,0.2840909090909091
Uts_17_0y_2517,20190416,0.10795454545454546
Uts_17_0y_2518,20190416,0.05113636363636364
Uts_17_0y_2519,20190416,1.0
Uts_17_0y_2520,20190416,1.0
Uts_17_0y_2521,20190416,1.0
Uts_17_0y_2522,20190416,1.0
Uts_17_0y_2523,20190416,1.0
Uts_17_0y_2524,20190416,1.0
Uts_17_0y_2525,20190416,1.0
Uts_17_0y_2527,20190416,0.08522727272727272
Uts_17_0y_2529,20190416,0.056818181818181816
Uts_17_0y_2531,20190416,0.056818181818181816
Uts_17_0y_2534,20190416,0.11931818181818182
Uts_17_0y_2536,20190416,0.056818181818181816
Uts_17_0y_2537,20190416,0.05113636363636364
Uts_17_0y_2538,20190416,0.056818181818181816
Uts_17_0y_2542,20190416,0.3806818181818182
Uts_17_0y_2543,20190416,0.20454545454545456
Uts_17_0y_2545,20190416,0.3125
Uts_17_0y_2546,20190416,0.05113636363636364
Uts_17_0y_2547,20190416,0.5852272727272727
Uts_17_0y_2548,20190416,0.06818181818181818
Uts_17_0y_2549,20190416,0.08522727272727272
Uts_17_0y_2550,20190416,0.0625
Uts_17_0y_2551,20190416,0.1534090909090909
Uts_17_0y_2552,20190416,0.0625
Uts_17_0y_2553,20190416,0.375
Uts_17_0y_2554,20190416,0.0625
Uts_17_0y_2555,20190416,0.11363636363636363
Uts_17_0y_2556,20190416,0.22727272727272727
Uts_17_0y_2557,20190416,0.05113636363636364
Uts_17_0y_2558,20190416,0.11931818181818182
Uts_17_0y_2560,20190416,0.0625
Uts_17_0y_2561,20190416,0.056818181818181816
Uts_17_0y_2562,20190416,0.056818181818181816
Uts_17_0y_2565,20190416,0.056818181818181816
Uts_17_0y_2566,20190416,0.05113636363636364
Uts_17_0y_2567,20190416,0.5795454545454546
Uts_17_0y_2570,20190416,0.2215909090909091
Uts_17_0y_2582,20190416,0.17045454545454544
Uts_17_0y_2587,20190416,0.0625
Uts_17_0y_2588,20190416,0.056818181818181816
Uts_17_0y_2590,20190416,0.14204545454545456
Uts_17_0y_2594,20190416,0.08522727272727272
Uts_17_0y_2595,20190416,0.10795454545454546
Uts_17_0y_2598,20190416,0.056818181818181816
Uts_17_0y_2600,20190416,0.19318181818181818
Uts_17_0y_2601,20190416,0.06818181818181818
Uts_17_0y_2602,20190416,0.13068181818181818
Uts_17_0y_2604,20190416,0.06818181818181818
Uts_17_0y_2605,20190416,0.06818181818181818
Uts_17_0y_2606,20190416,0.06818181818181818
Uts_17_0y_2607,20190416,0.07954545454545454
Uts_17_0y_2611,20190416,0.08522727272727272
Uts_17_0y_2613,20190416,0.1875
Uts_17_0y_2614,20190416,0.05113636363636364
Uts_17_0y_2615,20190416,0.1875
Uts_17_0y_2616,20190416,0.10227272727272728
Uts_17_0y_2617,20190416,0.13636363636363635
Uts_17_0y_2618,20190416,0.07386363636363637
Uts_17_0y_2619,20190416,0.2784090909090909
Uts_17_0y_2622,20190416,0.1875
Uts_17_0y_2624,20190416,0.11931818181818182
Uts_17_0y_2625,20190416,0.07386363636363637
Uts_17_0y_2627,20190416,0.09659090909090909
Uts_17_0y_2628,20190416,0.08522727272727272
Uts_17_0y_2632,20190416,0.07386363636363637
Uts_17_0y_2633,20190416,0.06818181818181818
Uts_17_0y_2655,20190416,0.06818181818181818
Uts_17_0y_2698,20190416,0.05113636363636364
Uts_17_0y_2720,20190416,0.07386363636363637
Uts_17_0y_2721,20190416,0.056818181818181816
Uts_17_0y_2731,20190416,0.056818181818181816
Uts_17_0y_2736,20190416,0.056818181818181816
Uts_17_0y_2744,20190416,0.36363636363636365
Uts_17_0y_2768,20190416,0.5284090909090909
Uts_17_0y_2769,20190416,0.19886363636363635
Uts_17_0y_2776,20190416,0.3693181818181818
Uts_17_0y_2778,20190416,0.32386363636363635
Uts_17_0y_2798,20190416,0.07954545454545454
Uts_17_0y_2799,20190416,0.10227272727272728
Uts_17_0y_2836,20190416,0.06818181818181818
Uts_17_1y_0534,20190208R,0.44886363636363635
Uts_17_1y_0535,20190208R,0.3806818181818182
Uts_17_1y_0536,20190208R,0.21022727272727273
Uts_17_1y_0537,20190208R,0.3181818181818182
Uts_17_1y_0538,20190208R,0.23863636363636365
Uts_17_1y_0539,20190208R,0.23863636363636365
Uts_17_1y_0543,20190208R,0.06818181818181818
Uts_17_1y_0544,20190208R,0.2159090909090909
Uts_17_1y_0545,20190208R,0.17613636363636365
Uts_17_1y_0546,20190208R,0.1875
Uts_17_1y_0547,20190208R,0.1590909090909091
Uts_17_1y_0548,20190208R,0.125
Uts_17_1y_0549,20190208R,0.13068181818181818
Uts_17_1y_0551,20190208R,0.1875
Uts_17_1y_0552,20190208R,0.11363636363636363
Uts_17_1y_0555,20190208R,0.08522727272727272
Uts_17_1y_0558,20190208R,0.05113636363636364
Uts_17_1y_0560,20190416,0.11363636363636363
Uts_17_1y_0576,20190416,0.07954545454545454
Uts_17_1y_0581,20190416,0.13068181818181818
Uts_17_1y_0582,20190416,0.056818181818181816
Uts_17_1y_0584,20190416,0.056818181818181816
Uts_17_1y_0597,20190416,0.9943181818181818
Uts_17_1y_0598,20190416,0.05113636363636364
Uts_17_1y_0605,20190416,0.09090909090909091
Uts_17_1y_0607,20190416,0.08522727272727272
Uts_17_1y_0629,20190416,0.08522727272727272
Uts_17_1y_0630,20190416,0.05113636363636364
Uts_17_1y_0780,20190416,0.4715909090909091
Uts_17_1y_0790,20190416,0.13068181818181818
Uts_17_1y_0796,20190416,0.056818181818181816
Uts_17_1y_0811,20190416,0.09090909090909091
Uts_17_1y_0826,20190416,0.056818181818181816
Uts_17_1y_0831,20190416,0.06818181818181818
Uts_17_1y_0837,20190416,0.07954545454545454
Uts_17_1y_0839,20190208R,0.06818181818181818
Uts_17_1y_0840,20190208R,0.0625
Uts_17_1y_1183,20190416,0.625
Uts_17_1y_1238,20190416,0.16477272727272727
Uts_17_1y_1241,20190416,0.05113636363636364
Uts_17_1y_1277,20190416,0.16477272727272727
Uts_17_1y_1591,20190416,0.24431818181818182
Uts_17_1y_1655,20190416,0.056818181818181816
Uts_17_1y_1676,20190416,0.056818181818181816
Uts_17_1y_1677,20190416,0.06818181818181818
Uts_17_1y_1684,20190416,0.05113636363636364
Uts_17_1y_1691,20190416,0.05113636363636364
Uts_17_1y_1729,20190416,0.05113636363636364
Uts_17_1y_1730,20190416,0.10227272727272728
Uts_17_1y_1731,20190416,0.05113636363636364
Uts_17_1y_1733,20190416,0.0625
Uts_17_1y_1734,20190416,0.056818181818181816
Uts_17_1y_1742,20190416,0.056818181818181816
Uts_17_1y_1745,20190416,0.1534090909090909
Uts_17_1y_1746,20190416,0.07954545454545454
Uts_17_1y_1760,20190416,1.0
Uts_17_1y_1768,20190416,0.07386363636363637
Uts_17_1y_1769,20190416,0.06818181818181818
Uts_17_1y_1772,20190416,0.05113636363636364
Uts_17_1y_1834,20190416,0.0625
Uts_17_1y_1838,20190416,0.05113636363636364
Uts_17_1y_1839,20190416,0.056818181818181816
Uts_17_1y_1840,20190416,0.056818181818181816
Uts_17_1y_1841,20190416,0.13636363636363635
Uts_17_1y_1843,20190416,0.0625
Uts_17_1y_1853,20190416,0.056818181818181816
Uts_17_1y_1854,20190416,0.13636363636363635
Uts_17_1y_1862,20190416,0.09090909090909091
Uts_17_1y_1863,20190416,0.06818181818181818
Uts_17_1y_1864,20190416,0.0625
Uts_17_1y_1865,20190416,0.30113636363636365
Uts_17_1y_1866,20190416,0.3409090909090909
Uts_17_1y_1867,20190416,1.0
Uts_17_1y_1868,20190416,0.1534090909090909
Uts_17_1y_1872,20190416,0.09090909090909091
Uts_17_1y_1873,20190416,0.18181818181818182
Uts_17_1y_1874,20190416,0.08522727272727272
Uts_17_1y_1875,20190416,0.24431818181818182
Uts_17_1y_1876,20190416,0.0625
Uts_17_1y_1877,20190416,1.0
Uts_17_1y_1878,20190416,0.42045454545454547
Uts_17_1y_1879,20190416,0.9715909090909091
Uts_17_1y_1880,20190416,0.125
Uts_17_1y_1882,20190416,0.23863636363636365
Uts_17_1y_1883,20190416,0.13636363636363635
Uts_17_1y_1885,20190416,0.07954545454545454
Uts_17_1y_1887,20190416,0.05113636363636364
Uts_17_1y_1888,20190416,0.0625
Uts_17_1y_1889,20190416,0.07954545454545454
Uts_17_1y_1893,20190416,0.2159090909090909
Uts_17_1y_1894,20190416,0.10227272727272728
Uts_17_1y_1895,20190416,0.11363636363636363
Uts_17_1y_1896,20190416,0.1590909090909091
Uts_17_1y_1897,20190416,0.09659090909090909
Uts_17_1y_1900,20190416,0.10795454545454546
Uts_17_1y_1901,20190416,0.4090909090909091
Uts_17_1y_1902,20190416,0.3977272727272727
Uts_17_1y_1903,20190416,0.4147727272727273
Uts_17_1y_1904,20190416,0.19886363636363635
Uts_17_1y_1905,20190416,0.20454545454545456
Uts_17_1y_1906,20190416,0.05113636363636364
Uts_17_1y_1907,20190416,0.11363636363636363
Uts_17_1y_1908,20190416,0.07386363636363637
Uts_17_1y_1909,20190416,0.19886363636363635
Uts_17_1y_1910,20190416,0.20454545454545456
Uts_17_1y_1911,20190416,0.6647727272727273
Uts_17_1y_1912,20190416,0.7102272727272727
Uts_17_1y_1913,20190416,0.21022727272727273
Uts_17_1y_1914,20190416,0.17613636363636365
Uts_17_1y_1915,20190416,0.07954545454545454
Uts_17_1y_1917,20190416,0.06818181818181818
Uts_17_1y_1918,20190416,0.11363636363636363
Uts_17_1y_1919,20190416,0.22727272727272727
Uts_17_1y_1920,20190416,0.3068181818181818
Uts_17_1y_1921,20190416,0.13636363636363635
Uts_17_1y_1924,20190416,0.06818181818181818
Uts_17_1y_1927,20190416,0.5681818181818182
Uts_17_1y_1931,20190416,0.05113636363636364
Uts_17_1y_1932,20190416,0.11931818181818182
Uts_17_1y_1933,20190416,0.6193181818181818
Uts_17_1y_1934,20190416,0.0625
Uts_17_1y_1938,20190416,0.09659090909090909
Uts_17_1y_1939,20190416,0.0625
Uts_17_1y_1940,20190416,0.2840909090909091
Uts_17_1y_1942,20190416,0.056818181818181816
Uts_17_1y_1943,20190416,0.7784090909090909
Uts_17_1y_1950,20190416,0.10227272727272728
Uts_17_1y_1951,20190416,1.0
Uts_17_1y_1953,20190416,0.05113636363636364
Uts_17_1y_2366,20190416,0.0625
Uts_17_1y_2369,20190416,0.375
Uts_17_1y_2371,20190416,0.45454545454545453
Uts_17_1y_2374,20190416,0.08522727272727272
Uts_17_1y_2381,20190416,0.3465909090909091
Uts_17_1y_2382,20190416,0.05113636363636364
Uts_17_1y_2392,20190416,0.10227272727272728
Uts_17_1y_2393,20190416,0.10227272727272728
Uts_17_1y_2394,20190416,0.3125
Uts_17_1y_2395,20190416,0.056818181818181816
Uts_17_1y_2418,20190416,0.05113636363636364
Uts_17_1y_2419,20190416,0.20454545454545456
Uts_17_1y_2424,20190416,0.24431818181818182
Uts_17_1y_2431,20190416,0.26704545454545453
Uts_17_1y_2432,20190416,0.2556818181818182
Uts_17_1y_2434,20190416,0.19886363636363635
Uts_17_1y_2437,20190416,0.10227272727272728
Uts_17_1y_2441,20190416,0.16477272727272727
Uts_17_1y_2443,20190416,0.07386363636363637
Uts_17_1y_2446,20190416,0.3125
Uts_17_1y_2454,20190416,0.056818181818181816
Uts_17_1y_2455,20190416,0.08522727272727272
Uts_17_1y_2466,20190416,0.0625
Uts_17_1y_2467,20190416,0.14772727272727273
Uts_17_1y_2469,20190416,0.07386363636363637
Uts_17_1y_2845,20190416,0.0625
Uts_17_1y_2848,20190416,0.056818181818181816
Uts_17_1y_2849,20190416,0.07386363636363637
Uts_17_1y_2851,20190416,0.0625
Uts_17_1y_2852,20190416,0.14772727272727273
Uts_17_1y_2854,20190416,0.19318181818181818
Uts_17_1y_2855,20190416,0.10227272727272728
Uts_17_1y_2862,20190416,0.42045454545454547
Uts_17_1y_2863,20190416,0.19886363636363635
Uts_17_1y_2865,20190416,0.20454545454545456
Uts_17_1y_2868,20190416,0.05113636363636364
Uts_17_1y_2869,20190416,0.05113636363636364
Uts_17_1y_2873,20190416,0.056818181818181816
Uts_17_1y_2874,20190416,0.0625
Uts_17_1y_2876,20190416,0.07386363636363637
Uts_17_1y_2877,20190416,0.14204545454545456
Uts_17_1y_2878,20190416,1.0
Uts_17_1y_2885,20190416,0.23863636363636365
Uts_17_1y_2886,20190416,0.05113636363636364
Uts_17_1y_2887,20190416,0.056818181818181816
Uts_17_1y_2889,20190416,0.0625
Uts_17_1y_2893,20190416,0.16477272727272727
Uts_17_1y_2894,20190416,0.056818181818181816
Uts_17_1y_2903,20190416,0.07954545454545454
Uts_17_2y_0637,20190416,0.08522727272727272
Uts_17_2y_0645,20190416,0.19886363636363635
Uts_17_2y_0650,20190416,0.1534090909090909
Uts_17_2y_1292,20190416,0.1534090909090909
Uts_17_2y_1299,20190416,0.05113636363636364
Uts_17_2y_1776,20190416,0.2159090909090909
Uts_17_2y_1784,20190416,0.06818181818181818
Uts_17_2y_2476,20190416,0.20454545454545456
Uts_17_2y_2477,20190416,0.09659090909090909
Uts_17_2y_2910,20190416,0.4431818181818182
Uts_17_3y_0656,20190416,0.07386363636363637
Uts_17_3y_1304,20190416,0.09090909090909091
Uts_18_0y_0072,20200219N,0.0625
Uts_18_0y_0103,20200219N,0.06818181818181818
Uts_18_0y_0108,20200219N,0.056818181818181816
Uts_18_0y_0109,20200219N,0.14204545454545456
Uts_18_0y_0116,20200219N,0.07954545454545454
Uts_18_0y_0117,20200219N,0.08522727272727272
Uts_18_0y_0210,20200219N,0.44886363636363635
Uts_18_0y_0252,20200219N,0.056818181818181816
Uts_18_0y_0258,20200219N,0.13636363636363635
Uts_18_0y_0295,20200219N,0.13068181818181818
Uts_18_0y_0303,20200219N,0.056818181818181816
Uts_18_0y_0319,20200219N,0.05113636363636364
Uts_18_0y_0323,20200219N,0.125
Uts_18_0y_0328,20200219N,0.07954545454545454
Uts_18_0y_0337,20200219N,0.09659090909090909
Uts_18_0y_0349,20200219N,0.14204545454545456
Uts_18_0y_0350,20200219N,0.05113636363636364
Uts_18_0y_0351,20200219N,0.11363636363636363
Uts_18_0y_0356,20200219N,0.08522727272727272
Uts_18_0y_0357,20200219N,0.32386363636363635
Uts_18_0y_0358,20200219N,0.08522727272727272
Uts_18_0y_0359,20200219N,0.11931818181818182
Uts_18_0y_0365,20200219N,0.08522727272727272
Uts_18_0y_0367,20200219N,0.125
Uts_18_0y_0391,20200219N,0.05113636363636364
Uts_18_0y_0396,20200219N,0.10227272727272728
Uts_18_0y_0427,20200219N,0.09659090909090909
Uts_18_0y_0464,20200219N,0.11363636363636363
Uts_18_0y_0466,20200219N,0.05113636363636364
Uts_18_0y_0468,20200219N,0.2159090909090909
Uts_18_0y_0473,20200219N,0.07954545454545454
Uts_18_0y_0474,20200219N,0.09659090909090909
Uts_18_0y_0476,20200219N,0.0625
Uts_18_0y_0480,20200219N,0.056818181818181816
Uts_18_0y_0481,20200219N,0.14772727272727273
Uts_18_0y_0486,20200219N,0.05113636363636364
Uts_18_0y_0493,20200219N,0.056818181818181816
Uts_18_0y_0497,20200219N,0.05113636363636364
Uts_18_0y_0498,20200219N,0.08522727272727272
Uts_18_0y_0508,20200219N,0.07386363636363637
Uts_18_0y_0509,20200219N,0.07386363636363637
Uts_18_0y_0514,20200219N,0.09090909090909091
Uts_18_0y_0522,20200219N,0.07386363636363637
Uts_18_0y_0528,20200219N,0.06818181818181818
Uts_18_0y_0529,20200219N,0.10795454545454546
Uts_18_0y_0542,20200219N,0.13068181818181818
Uts_18_0y_0544,20200219N,0.07954545454545454
Uts_18_0y_0545,20200219N,0.11931818181818182
Uts_18_0y_0551,20200219N,0.1590909090909091
Uts_18_0y_0552,20200219N,0.125
Uts_18_0y_0576,20200219N,0.05113636363636364
Uts_18_0y_0578,20200219N,0.11363636363636363
Uts_18_0y_0583,20200219N,0.1590909090909091
Uts_18_0y_0593,20200219N,0.05113636363636364
Uts_18_0y_0675,20200219N,0.07954545454545454
Uts_18_0y_0677,20200219N,0.056818181818181816
Uts_18_0y_0681,20200219N,0.09090909090909091
Uts_18_0y_0694,20200219N,0.0625
Uts_18_0y_0701,20200219N,0.07386363636363637
Uts_18_0y_0721,20200219N,0.08522727272727272
Uts_18_0y_0723,20200219N,0.056818181818181816
Uts_18_0y_0737,20200219N,0.07954545454545454
Uts_18_0y_0739,20200219N,0.07954545454545454
Uts_18_0y_0854,20200219N,0.07386363636363637
Uts_18_0y_0858,20200219N,0.09659090909090909
Uts_18_0y_0863,20200219N,0.05113636363636364
Uts_18_0y_0864,20200219N,0.06818181818181818
Uts_18_0y_0868,20200219N,0.056818181818181816
Uts_18_0y_0877,20200219N,0.0625
Uts_18_0y_0893,20200219N,0.09659090909090909
Uts_18_0y_0900,20200219N,0.05113636363636364
Uts_18_0y_0901,20200219N,0.0625
Uts_18_0y_0925,20200219N,0.1590909090909091
Uts_18_0y_0930,20200219N,0.30113636363636365
Uts_18_0y_0936,20200219N,1.0
Uts_18_0y_0946,20200219N,0.22727272727272727
Uts_18_0y_0969,20200219N,0.05113636363636364
Uts_18_0y_1157,20200219N,0.13068181818181818
Uts_18_0y_1227,20200219N,0.13068181818181818
Uts_18_0y_1237,20200219N,0.2159090909090909
Uts_18_0y_1305,20200219N,0.1534090909090909
Uts_18_0y_1313,20200219N,0.1875
Uts_18_0y_1318,20200219N,0.10227272727272728
Uts_18_0y_1333,20200219N,0.09090909090909091
Uts_18_0y_1340,20200219N,0.11363636363636363
Uts_18_0y_1349,20200219N,0.1590909090909091
Uts_18_0y_1355,20200219N,0.05113636363636364
Uts_18_0y_1362,20200219N,0.05113636363636364
Uts_18_0y_1367,20200219N,0.08522727272727272
Uts_18_0y_1374,20200219N,0.056818181818181816
Uts_18_0y_1375,20200219N,0.09659090909090909
Uts_18_0y_1381,20200219N,0.09090909090909091
Uts_18_0y_1388,20200219N,0.0625
Uts_18_0y_1396,20200316N,0.09659090909090909
Uts_18_0y_1420,20200316N,0.1590909090909091
Uts_18_0y_1423,20200316N,0.30113636363636365
Uts_18_0y_1435,20200316N,0.14204545454545456
Uts_18_0y_1489,20200316N,0.125
Uts_18_0y_1498,20200316N,0.26136363636363635
Uts_18_0y_1503,20200316N,1.0
Uts_18_0y_1513,20200316N,0.056818181818181816
Uts_18_0y_1519,20200316N,0.125
Uts_18_0y_1521,20200316N,0.42613636363636365
Uts_18_0y_1527,20200316N,0.25
Uts_18_0y_1528,20200316N,0.09090909090909091
Uts_18_0y_1529,20200316N,0.05113636363636364
Uts_18_0y_1531,20200316N,0.21022727272727273
Uts_18_0y_1537,20200316N,0.056818181818181816
Uts_18_0y_1543,20200316N,0.09090909090909091
Uts_18_0y_1558,20200316N,0.2556818181818182
Uts_18_0y_1560,20200316N,0.06818181818181818
Uts_18_0y_1574,20200316N,0.14772727272727273
Uts_18_0y_1577,20200316N,0.056818181818181816
Uts_18_0y_1584,20200316N,0.07386363636363637
Uts_18_0y_1596,20200316N,0.11363636363636363
Uts_18_0y_1597,20200316N,0.09090909090909091
Uts_18_0y_1598,20200316N,0.0625
Uts_18_0y_1606,20200316N,0.08522727272727272
Uts_18_0y_1611,20200316N,0.21022727272727273
Uts_18_0y_1614,20200316N,0.07954545454545454
Uts_18_0y_1679,20200316N,0.07954545454545454
Uts_18_0y_1690,20200316N,0.09090909090909091
Uts_18_0y_1691,20200316N,0.056818181818181816
Uts_18_0y_1692,20200316N,0.07954545454545454
Uts_18_0y_1695,20200316N,0.0625
Uts_18_0y_1697,20200316N,0.05113636363636364
Uts_18_0y_1699,20200316N,0.05113636363636364
Uts_18_0y_1704,20200316N,0.1534090909090909
Uts_18_0y_1713,20200316N,0.07954545454545454
Uts_18_0y_1717,20200316N,0.10227272727272728
Uts_18_0y_1723,20200316N,0.05113636363636364
Uts_18_0y_1729,20200316N,0.10795454545454546
Uts_18_0y_1731,20200316N,0.09090909090909091
Uts_18_0y_1737,20200316N,0.13636363636363635
Uts_18_0y_1822,20200316N,0.05113636363636364
Uts_18_0y_1825,20200316N,0.05113636363636364
Uts_18_0y_1827,20200316N,0.10795454545454546
Uts_18_0y_1832,20200316N,0.056818181818181816
Uts_18_0y_1839,20200316N,0.06818181818181818
Uts_18_0y_2024,20200406N,0.05113636363636364
Uts_18_0y_2148,20200406N,0.09659090909090909
Uts_18_0y_2156,20200406N,0.08522727272727272
Uts_18_0y_2163,20200406N,0.06818181818181818
Uts_18_0y_2164,20200406N,0.05113636363636364
Uts_18_0y_2171,20200406N,0.05113636363636364
Uts_18_0y_2173,20200406N,0.05113636363636364
Uts_18_0y_2187,20200406N,0.07954545454545454
Uts_18_0y_2288,20200406N,0.07954545454545454
Uts_18_0y_2296,20200406N,0.6079545454545454
Uts_18_0y_2318,20200406N,0.14772727272727273
Uts_18_0y_2348,20200316N,0.07954545454545454
Uts_18_0y_2350,20200316N,0.32386363636363635
Uts_18_0y_2356,20200316N,0.07954545454545454
Uts_18_0y_2357,20200316N,0.06818181818181818
Uts_18_0y_2371,20200316N,0.9772727272727273
Uts_18_0y_2373,20200316N,0.09090909090909091
Uts_18_0y_2374,20200316N,0.056818181818181816
Uts_18_0y_2376,20200316N,0.06818181818181818
Uts_18_0y_2386,20200316N,0.11363636363636363
Uts_18_0y_2387,20200316N,0.0625
Uts_18_0y_2391,20200316N,0.05113636363636364
Uts_18_0y_2392,20200316N,0.14772727272727273
Uts_18_0y_2394,20200316N,0.36363636363636365
Uts_18_1y_0130,20200219N,0.0625
Uts_18_1y_0145,20200219N,0.125
Uts_18_1y_0146,20200219N,0.06818181818181818
Uts_18_1y_0147,20200219N,0.11363636363636363
Uts_18_1y_0155,20200219N,0.09090909090909091
Uts_18_1y_0162,20200219N,0.11363636363636363
Uts_18_1y_0163,20200219N,0.44886363636363635
Uts_18_1y_0165,20200219N,0.125
Uts_18_1y_0168,20200219N,0.056818181818181816
Uts_18_1y_0234,20200219N,0.11931818181818182
Uts_18_1y_0235,20200219N,1.0
Uts_18_1y_0456,20200219N,0.056818181818181816
Uts_18_1y_0840,20200219N,0.11931818181818182
Uts_18_1y_0841,20200219N,0.2840909090909091
Uts_18_1y_1118,20200219N,0.0625
Uts_18_1y_1122,20200219N,0.09659090909090909
Uts_18_1y_1124,20200219N,0.23863636363636365
Uts_18_1y_1190,20200219N,0.10795454545454546
Uts_18_1y_1638,20200316N,0.056818181818181816
Uts_18_1y_1646,20200316N,0.05113636363636364
Uts_18_1y_1651,20200316N,0.07386363636363637
Uts_18_1y_1653,20200316N,0.09659090909090909
Uts_18_1y_1661,20200316N,0.08522727272727272
Uts_18_1y_1662,20200316N,0.07386363636363637
Uts_18_1y_1669,20200316N,0.05113636363636364
Uts_18_1y_1739,20200316N,0.05113636363636364
Uts_18_1y_1748,20200316N,0.10795454545454546
Uts_18_1y_1752,20200316N,0.23863636363636365
Uts_18_1y_1764,20200316N,0.9772727272727273
Uts_18_1y_1768,20200316N,0.0625
Uts_18_1y_1769,20200316N,0.10795454545454546
Uts_18_1y_1781,20200316N,0.06818181818181818
Uts_18_1y_1786,20200316N,0.06818181818181818
Uts_18_1y_1931,20200406N,0.06818181818181818
Uts_18_1y_1954,20200406N,0.06818181818181818
Uts_18_1y_2084,20200406N,1.0
Uts_18_1y_2202,20200406N,0.07386363636363637
Uts_18_1y_2225,20200406N,0.0625
Uts_18_1y_2248,20200406N,0.11931818181818182
Uts_18_1y_2249,20200406N,0.1534090909090909
Uts_18_1y_2325,20200406N,1.0
Uts_18_1y_2401,20200316N,0.05113636363636364
Uts_18_1y_2403,20200316N,0.056818181818181816
Uts_18_1y_2411,20200316N,0.3977272727272727
Uts_18_1y_2440,20200406N,0.5397727272727273
Uts_18_1y_2472,20200406N,1.0
Uts_18_2-3y_0169,20200219N,1.0
Uts_18_2-3y_0175,20200219N,0.0625
Uts_18_2-3y_0177,20200219N,0.0625
Uts_18_2-3y_0458,20200219N,0.11363636363636363
Uts_18_2-3y_0842,20200219N,0.2215909090909091
Uts_18_2-3y_0845,20200219N,0.23863636363636365
Uts_18_2-3y_1133,20200219N,0.056818181818181816
Uts_18_2-3y_1144,20200219N,0.21022727272727273
Uts_18_2-3y_1148,20200219N,0.08522727272727272
Uts_18_2-3y_1149,20200219N,0.09090909090909091
Uts_18_2-3y_1152,20200219N,0.14772727272727273
Uts_18_2-3y_1675,20200316N,0.09659090909090909
Uts_18_2-3y_1815,20200316N,0.07386363636363637
Uts_18_2-3y_1817,20200316N,0.0625
Uts_18_2-3y_1984,20200406N,0.18181818181818182
Uts_18_2-3y_2141,20200406N,0.07954545454545454
Uts_18_2-3y_2142,20200406N,0.08522727272727272
Uts_19_0y_0010,20200406N,0.09659090909090909
Uts_19_0y_0017,20200406N,0.18181818181818182
Uts_19_0y_0023,20200406N,0.08522727272727272
Uts_19_0y_0025,20200406N,0.3125
Uts_19_0y_0086,20200406N,0.09090909090909091
Uts_19_0y_0094,20200406N,0.09090909090909091
Uts_19_0y_0095,20200406N,0.1590909090909091
Uts_19_0y_0102,20200406N,0.21022727272727273
Uts_19_0y_0141,20200406N,0.0625
Uts_19_0y_0217,20200406N,0.08522727272727272
Uts_19_0y_0265,20200406N,0.056818181818181816
Uts_19_0y_0326,20200406N,0.7784090909090909
Uts_19_0y_0327,20200406N,0.75
Uts_19_0y_0328,20200406N,0.5795454545454546
Uts_19_0y_0329,20200406N,0.35795454545454547
Uts_19_0y_0330,20200406N,0.7215909090909091
Uts_19_0y_0331,20200406N,0.2556818181818182
Uts_19_0y_0332,20200406N,0.22727272727272727
Uts_19_0y_0333,20200406N,0.18181818181818182
Uts_19_0y_0397,20200406N,0.06818181818181818
Uts_19_0y_0404,20200406N,0.056818181818181816
Uts_19_0y_0405,20200406N,0.05113636363636364
Uts_19_0y_0408,20200406N,0.056818181818181816
Uts_19_0y_0414,20200406N,0.056818181818181816
Uts_19_0y_0416,20200406N,0.07954545454545454
Uts_19_0y_0418,20200406N,0.05113636363636364
Uts_19_0y_0419,20200406N,0.0625
Uts_19_0y_0420,20200406N,0.08522727272727272
Uts_19_0y_0421,20200406N,0.05113636363636364
Uts_19_0y_0422,20200406N,0.08522727272727272
Uts_19_0y_0423,20200406N,0.056818181818181816
Uts_19_0y_0425,20200406N,0.05113636363636364
Uts_19_0y_0427,20200406N,0.4147727272727273
Uts_19_0y_0428,20200406N,0.4943181818181818
Uts_19_0y_0429,20200406N,0.42045454545454547
Uts_19_0y_0430,20200406N,0.4431818181818182
Uts_19_0y_0431,20200406N,0.45454545454545453
Uts_19_0y_0432,20200406N,0.6931818181818182
Uts_19_0y_0433,20200406N,0.4943181818181818
Uts_19_0y_0434,20200406N,0.48295454545454547
Uts_19_0y_0440,20200406N,0.05113636363636364
Uts_19_0y_0443,20200406N,0.06818181818181818
Uts_19_0y_0456,20200406N,0.09090909090909091
Uts_19_0y_0460,20200406N,0.05113636363636364
Uts_19_0y_0465,20200406N,0.8409090909090909
Uts_19_0y_0575,20200406N,0.11931818181818182
Uts_19_0y_0585,20200406N,0.05113636363636364
Uts_19_0y_0668,20200406N,0.056818181818181816
Uts_19_0y_0670,20200406N,0.7897727272727273
Uts_19_0y_0677,20200406N,0.5795454545454546
Uts_19_0y_0682,20200406N,0.06818181818181818
Uts_19_0y_0704,20200406N,0.08522727272727272
Uts_19_0y_0706,20200406N,0.10227272727272728
Uts_19_0y_0714,20200406N,0.056818181818181816
Uts_19_0y_0715,20200406N,1.0
Uts_19_0y_0767,20200406N,0.0625
Uts_19_0y_0787,20200406N,0.13068181818181818
Uts_19_0y_0793,20200406N,0.07954545454545454
Uts_19_0y_0798,20200406N,0.16477272727272727
Uts_19_0y_0800,20200406N,0.09659090909090909
Uts_19_0y_0809,20200406N,0.07954545454545454
Uts_19_0y_0820,20200406N,0.056818181818181816
Uts_19_0y_0832,20200406N,0.10227272727272728
Uts_19_0y_0835,20200406N,0.07386363636363637
Uts_19_0y_0838,20200406N,0.0625
Uts_19_0y_0840,20200406N,0.056818181818181816
Uts_19_0y_0932,20200406N,0.07954545454545454
Uts_19_0y_0939,20200406N,0.06818181818181818
Uts_19_0y_0947,20200406N,0.3977272727272727
Uts_19_0y_0950,20200406N,0.05113636363636364
Uts_19_0y_0954,20200406N,0.11931818181818182
Uts_19_0y_0958,20200406N,0.0625
Uts_19_0y_0962,20200406N,0.056818181818181816
Uts_19_0y_0968,20200406N,0.0625
Uts_19_0y_0980,20200406N,0.07386363636363637
Uts_19_0y_0986,20200406N,0.13068181818181818
Uts_19_0y_0987,20200406N,0.11363636363636363
Uts_19_0y_0994,20200406N,0.05113636363636364
Uts_19_0y_0995,20200406N,0.17613636363636365
Uts_19_0y_0996,20200406N,0.0625
Uts_19_0y_1000,20200406N,0.0625
Uts_19_0y_1001,20200406N,0.125
Uts_19_0y_1003,20200406N,0.06818181818181818
Uts_19_0y_1009,20200406N,0.19318181818181818
Uts_19_0y_1010,20200406N,0.2897727272727273
Uts_19_0y_1017,20200406N,0.17613636363636365
Uts_19_0y_1019,20200406N,0.08522727272727272
Uts_19_0y_1070,20200406N,0.07954545454545454
Uts_19_0y_1073,20200406N,0.7045454545454546
Uts_19_0y_1080,20200406N,0.5795454545454546
Uts_19_0y_1117,20200406N,1.0
Uts_19_0y_1139,20200406N,1.0
Uts_19_0y_1147,20200406N,1.0
Uts_19_0y_1149,20200406N,0.26136363636363635
Uts_19_0y_1155,20200406N,1.0
Uts_19_0y_1163,20200406N,1.0
Uts_19_0y_1171,20200406N,1.0
Uts_19_0y_1178,20200406N,1.0
Uts_19_0y_1186,20200406N,1.0
Uts_19_0y_1194,20200406N,1.0
Uts_19_0y_1202,20200406N,1.0
Uts_19_0y_1282,20200406N,0.06818181818181818
Uts_19_0y_1488,20200406N,0.29545454545454547
Uts_19_0y_1491,20200406N,0.05113636363636364
Uts_19_0y_1512,20200406N,0.5909090909090909
Uts_19_0y_1529,20200406N,0.06818181818181818
Uts_19_0y_1572,20200406N,0.08522727272727272
Uts_19_0y_1802,20200406N,0.10227272727272728
Uts_19_0y_1846,20200406N,0.09659090909090909
Uts_19_0y_1851,20200406N,0.125
Uts_19_0y_1876,20200406N,0.056818181818181816
Uts_19_0y_1952,20200406N,0.10227272727272728
Uts_19_0y_1953,20200406N,0.7670454545454546
Uts_19_0y_1969,20200406N,0.07386363636363637
Uts_19_0y_1992,20200406N,0.05113636363636364
Uts_19_0y_2025,20200406N,0.11363636363636363
Uts_19_0y_2079,20200406N,0.13068181818181818
Uts_19_0y_2081,20200406N,0.11363636363636363
Uts_19_0y_2083,20200406N,0.056818181818181816
Uts_19_0y_2089,20200406N,0.08522727272727272
Uts_19_0y_2102,20200406N,0.07386363636363637
Uts_19_0y_2109,20200406N,0.06818181818181818
Uts_19_0y_2110,20200406N,0.07954545454545454
Uts_19_0y_2112,20200406N,0.4090909090909091
Uts_19_0y_2119,20200406N,0.125
Uts_19_0y_2120,20200406N,0.9204545454545454
Uts_19_0y_2122,20200406N,0.11931818181818182
Uts_19_0y_2125,20200406N,0.24431818181818182
Uts_19_0y_2126,20200406N,0.14772727272727273
Uts_19_0y_2127,20200406N,0.10795454545454546
Uts_19_0y_2128,20200406N,0.056818181818181816
Uts_19_0y_2129,20200406N,0.05113636363636364
Uts_19_0y_2130,20200406N,0.06818181818181818
Uts_19_0y_2133,20200406N,0.23863636363636365
Uts_19_0y_2134,20200406N,0.11363636363636363
Uts_19_0y_2135,20200406N,0.0625
Uts_19_0y_2137,20200406N,0.056818181818181816
Uts_19_0y_2156,20200406N,0.10227272727272728
Uts_19_0y_2171,20200406N,0.10795454545454546
Uts_19_0y_2172,20200406N,0.05113636363636364
Uts_19_0y_2186,20200406N,0.07386363636363637
Uts_19_0y_2199,20200406N,0.10227272727272728
Uts_19_0y_2358,20200406N,0.08522727272727272
Uts_19_0y_2363,20200406N,0.09090909090909091
Uts_19_1y_0031,20200406N,0.09090909090909091
Uts_19_1y_0032,20200406N,0.23863636363636365
Uts_19_1y_0033,20200406N,0.05113636363636364
Uts_19_1y_0039,20200406N,0.10227272727272728
Uts_19_1y_0040,20200406N,0.125
Uts_19_1y_0046,20200406N,0.125
Uts_19_1y_0047,20200406N,0.1590909090909091
Uts_19_1y_0054,20200406N,0.056818181818181816
Uts_19_1y_0148,20200406N,0.07386363636363637
Uts_19_1y_0155,20200406N,0.19318181818181818
Uts_19_1y_0156,20200406N,0.4659090909090909
Uts_19_1y_0157,20200406N,0.6306818181818182
Uts_19_1y_0158,20200406N,0.45454545454545453
Uts_19_1y_0159,20200406N,0.056818181818181816
Uts_19_1y_0616,20200406N,0.08522727272727272
Uts_19_1y_0622,20200406N,0.09090909090909091
Uts_19_1y_0628,20200406N,0.09090909090909091
Uts_19_1y_0632,20200406N,0.10227272727272728
Uts_19_1y_1125,20200406N,1.0
Uts_19_1y_1914,20200406N,0.875
Uts_19_1y_1977,20200406N,0.06818181818181818
Uts_19_1y_2365,20200406N,0.09659090909090909
Uts_19_1y_2373,20200406N,0.07954545454545454
Uts_19_1y_2374,20200406N,0.056818181818181816
Uts_19_1y_2375,20200406N,0.05113636363636364
Uts_19_1y_2378,20200406N,0.125
Uts_19_1y_2381,20200406N,0.05113636363636364
Uts_19_2-3y_0188,20200406N,0.0625
Uts_19_2-3y_0195,20200406N,0.10227272727272728
Uts_19_2-3y_0633,20200406N,0.08522727272727272
Uts_19_2-3y_0637,20200406N,0.09659090909090909
Uts_19_2-3y_0750,20200406N,0.09659090909090909
Uts_19_2-3y_0899,20200406N,0.07386363636363637
Uts_19_2-3y_0901,20200406N,0.19886363636363635
Uts_19_2-3y_0904,20200406N,0.14204545454545456
Uts_19_2-3y_0905,20200406N,0.0625
Uts_19_2-3y_0907,20200406N,0.07386363636363637
Uts_19_2-3y_0908,20200406N,0.07386363636363637
Uts_19_2-3y_0909,20200406N,0.2784090909090909
Uts_19_2-3y_0911,20200406N,0.13068181818181818
Uts_19_2-3y_0912,20200406N,0.1590909090909091
Uts_19_2-3y_0920,20200406N,0.056818181818181816
Uts_19_2-3y_1769,20200406N,0.9886363636363636
Uts_19_2-3y_2389,20200406N,0.056818181818181816
Uts_19_2-3y_2394,20200406N,0.05113636363636364
Uts_19_2-3y_2396,20200406N,0.056818181818181816
Uts_19_2-3y_2397,20200406N,0.0625
Uts_19_2-3y_2404,20200406N,0.125
